Src,Eqid,Version,Datetime,Lat,Lon,Magnitude,Depth,NST,Region
"This USGS data file has been deprecated. To continue receiving updates for earthquake information you must switch to the new data format [http://earthquake.usgs.gov/earthquakes/feed/]. In the future, data feeds will be updated and deprecated following our official deprecation policy [http://earthquake.usgs.gov/earthquakes/feed/policy.php]."
nc,72109121,0,"Monday, November 18, 2013 00:05:07 UTC",38.8565,-123.2832,1.6,2.80, 8,"Northern California"
ak,10854321,1,"Sunday, November 17, 2013 23:15:08 UTC",63.2700,-151.0573,1.6,11.50,14,"Central Alaska"
nc,72109096,6,"Sunday, November 17, 2013 22:45:06 UTC",40.3002,-124.7062,3.7,5.00,47,"offshore Northern California"
nc,72109086,0,"Sunday, November 17, 2013 22:39:39 UTC",38.9560,-123.0972,1.9,0.00,13,"Northern California"
nn,00429374,1,"Sunday, November 17, 2013 22:28:26 UTC",37.3592,-115.4575,1.2,12.00, 7,"Nevada"
nc,72109076,1,"Sunday, November 17, 2013 22:25:03 UTC",38.8185,-122.8063,2.2,2.50,46,"Northern California"
nc,72109071,1,"Sunday, November 17, 2013 22:24:54 UTC",38.8203,-122.8053,1.4,2.80,24,"Northern California"
ak,10854201,1,"Sunday, November 17, 2013 22:02:24 UTC",63.3146,-150.0067,1.4,97.50,11,"Central Alaska"
nc,72109046,1,"Sunday, November 17, 2013 21:02:18 UTC",37.8870,-122.2027,2.3,8.80,60,"San Francisco Bay area, California"
ci,11392474,2,"Sunday, November 17, 2013 21:00:19 UTC",33.4577,-116.7560,1.1,10.40,20,"Southern California"
ci,11392466,2,"Sunday, November 17, 2013 20:52:23 UTC",33.0698,-115.5705,1.7,12.90,14,"Southern California"
nc,72109031,1,"Sunday, November 17, 2013 20:06:30 UTC",39.6042,-123.6498,2.5,3.80,19,"Northern California"
uw,60631896,4,"Sunday, November 17, 2013 19:59:57 UTC",47.4778,-122.3828,2.5,33.70,76,"Seattle-Tacoma urban area, Washington"
ak,10853964,2,"Sunday, November 17, 2013 19:57:03 UTC",60.1810,-153.8762,4.1,196.90,36,"Southern Alaska"
ak,10853958,1,"Sunday, November 17, 2013 19:47:58 UTC",61.4616,-149.5026,1.9,32.70,22,"Southern Alaska"
ci,11392450,2,"Sunday, November 17, 2013 19:47:47 UTC",33.6227,-116.6518,1.0,13.90,15,"Southern California"
ak,10853951,1,"Sunday, November 17, 2013 19:41:04 UTC",60.0866,-152.7711,3.0,100.00,21,"Southern Alaska"
ak,10853942,1,"Sunday, November 17, 2013 19:32:13 UTC",63.3475,-151.1210,2.6,0.20,39,"Central Alaska"
ak,10853939,1,"Sunday, November 17, 2013 19:24:27 UTC",64.1199,-149.3699,1.4,46.90, 4,"Central Alaska"
ci,11392442,2,"Sunday, November 17, 2013 18:53:42 UTC",35.2460,-118.9342,1.8,18.30,24,"Central California"
pr,13321003,0,"Sunday, November 17, 2013 18:40:17 UTC",17.9204,-67.0875,2.4,5.00, 6,"Puerto Rico region"
ak,10853891,1,"Sunday, November 17, 2013 17:53:49 UTC",64.0916,-148.7672,1.4,100.00, 6,"Central Alaska"
ak,10853935,2,"Sunday, November 17, 2013 17:51:45 UTC",50.9847,-177.4927,2.9,24.30,12,"Andreanof Islands, Aleutian Islands, Alaska"
ak,10853892,1,"Sunday, November 17, 2013 17:48:09 UTC",63.1406,-149.7967,1.5,9.60, 6,"Central Alaska"
ak,10853807,1,"Sunday, November 17, 2013 17:27:35 UTC",65.2654,-150.0463,1.7,52.50, 4,"northern Alaska"
nc,72108971,0,"Sunday, November 17, 2013 17:13:16 UTC",39.1797,-123.7132,2.0,0.00, 8,"Northern California"
uw,60631811,2,"Sunday, November 17, 2013 17:05:46 UTC",47.8695,-121.6553,2.0,10.70,15,"Washington"
ak,10853786,1,"Sunday, November 17, 2013 16:52:29 UTC",59.9356,-151.8243,1.8,51.50, 8,"Kenai Peninsula, Alaska"
ak,10853783,1,"Sunday, November 17, 2013 16:49:52 UTC",61.0462,-150.9051,1.9,65.90, 6,"Southern Alaska"
hv,60592816,2,"Sunday, November 17, 2013 16:30:36 UTC",19.3687,-155.2157,2.1,3.30,53,"Island of Hawaii, Hawaii"
ak,10853724,2,"Sunday, November 17, 2013 16:15:10 UTC",63.1233,-150.9122,3.0,131.30,20,"Central Alaska"
uw,60631771,2,"Sunday, November 17, 2013 15:06:51 UTC",46.4108,-119.2707,1.0,0.00,15,"Washington"
nc,72108931,0,"Sunday, November 17, 2013 14:54:28 UTC",38.8235,-122.7910,1.0,3.20,21,"Northern California"
uw,60631761,4,"Sunday, November 17, 2013 14:47:06 UTC",46.4115,-119.2677,3.2,0.00,33,"Washington"
ak,10853591,1,"Sunday, November 17, 2013 14:44:11 UTC",64.4752,-149.1938,1.3,99.90, 5,"Central Alaska"
ci,11392410,3,"Sunday, November 17, 2013 14:32:49 UTC",33.4860,-116.7630,1.1,8.60,32,"Southern California"
ci,11392402,2,"Sunday, November 17, 2013 14:24:26 UTC",33.5250,-116.4472,1.1,8.50,22,"Southern California"
ci,11392394,2,"Sunday, November 17, 2013 14:13:09 UTC",33.9328,-117.1360,1.1,17.30,23,"Greater Los Angeles area, California"
ak,10853541,1,"Sunday, November 17, 2013 14:02:01 UTC",65.3166,-149.9495,1.8,17.70, 4,"northern Alaska"
ak,10853514,1,"Sunday, November 17, 2013 13:42:10 UTC",60.2841,-144.9631,2.7,25.40, 4,"Southern Alaska"
pr,13321002,0,"Sunday, November 17, 2013 13:22:01 UTC",19.0995,-64.0493,3.3,37.00, 5,"Virgin Islands region"
ci,11392386,2,"Sunday, November 17, 2013 13:06:38 UTC",34.0382,-116.7747,1.1,17.90,32,"Southern California"
ci,11392378,2,"Sunday, November 17, 2013 12:40:14 UTC",32.8638,-115.9942,1.3,9.30,31,"Southern California"
ak,10853429,1,"Sunday, November 17, 2013 12:40:06 UTC",61.2722,-152.0558,2.5,99.90,32,"Southern Alaska"
ak,10853392,2,"Sunday, November 17, 2013 12:23:26 UTC",62.9575,-150.6154,1.3,91.70,17,"Central Alaska"
nc,72108886,0,"Sunday, November 17, 2013 12:14:09 UTC",38.7717,-122.7130,1.4,2.60,14,"Northern California"
uw,60631716,3,"Sunday, November 17, 2013 12:11:07 UTC",48.4217,-122.8333,2.3,24.10,35,"San Juan Islands region, Washington"
ak,10853333,2,"Sunday, November 17, 2013 11:40:11 UTC",62.3087,-151.2436,4.4,79.70,26,"Central Alaska"
nc,72108876,0,"Sunday, November 17, 2013 11:37:20 UTC",37.5832,-118.7870,1.2,4.70, 9,"Central California"
nc,72108871,1,"Sunday, November 17, 2013 11:26:07 UTC",38.2892,-122.6072,2.8,6.80,56,"Northern California"
nc,72108861,0,"Sunday, November 17, 2013 10:59:08 UTC",38.7963,-122.8145,1.0,3.40,19,"Northern California"
ak,10853248,2,"Sunday, November 17, 2013 10:16:04 UTC",63.7568,-144.8694,2.7,12.40,25,"Central Alaska"
ak,10853245,1,"Sunday, November 17, 2013 10:09:29 UTC",63.2786,-149.7655,2.1,50.70, 4,"Central Alaska"
nc,72108846,0,"Sunday, November 17, 2013 09:42:41 UTC",36.1323,-120.1445,2.1,23.30,11,"Central California"
nc,72108841,1,"Sunday, November 17, 2013 09:35:26 UTC",37.1472,-121.5410,1.5,7.90,24,"Northern California"
at,00mweh87,1,"Sunday, November 17, 2013 09:04:57 UTC",-60.1000,-46.0000,7.8,42.00,92,"Scotia Sea"
ak,10853194,1,"Sunday, November 17, 2013 09:02:21 UTC",63.0014,-149.7028,1.6,83.20,16,"Central Alaska"
ci,11392362,2,"Sunday, November 17, 2013 08:41:15 UTC",34.7140,-116.2925,1.8,1.90,17,"Southern California"
ak,10853188,1,"Sunday, November 17, 2013 08:34:02 UTC",63.5479,-147.7515,1.5,18.40,12,"Central Alaska"
nc,72108801,0,"Sunday, November 17, 2013 08:00:38 UTC",38.8262,-122.7843,1.4,2.50,22,"Northern California"
nc,72108796,0,"Sunday, November 17, 2013 07:27:11 UTC",36.0518,-120.6535,1.3,1.10,12,"Central California"
ak,10853161,1,"Sunday, November 17, 2013 07:06:20 UTC",59.7299,-152.5897,2.9,63.10,15,"Southern Alaska"
ak,10853160,1,"Sunday, November 17, 2013 07:04:36 UTC",62.5738,-151.0387,1.7,73.50, 8,"Central Alaska"
ak,10853139,1,"Sunday, November 17, 2013 06:22:42 UTC",63.3105,-150.3271,1.5,36.20, 5,"Central Alaska"
nc,72108771,0,"Sunday, November 17, 2013 06:11:51 UTC",38.9118,-122.6878,2.2,2.20,18,"Northern California"
ci,11392354,2,"Sunday, November 17, 2013 06:02:28 UTC",33.6582,-116.7777,1.7,14.00,51,"Southern California"
ci,11392346,2,"Sunday, November 17, 2013 05:50:53 UTC",33.3427,-116.5958,1.0,11.80,15,"Southern California"
ci,11392338,2,"Sunday, November 17, 2013 05:49:29 UTC",32.6130,-115.7722,1.8,8.90,21,"Baja California, Mexico"
ak,10853132,1,"Sunday, November 17, 2013 05:39:53 UTC",61.3735,-149.4778,1.7,29.30, 6,"Southern Alaska"
nc,72108751,0,"Sunday, November 17, 2013 05:27:52 UTC",40.3655,-124.1695,1.8,24.10, 9,"Northern California"
nc,72108741,0,"Sunday, November 17, 2013 05:03:39 UTC",38.8402,-122.7668,1.0,0.30,16,"Northern California"
nc,72108726,1,"Sunday, November 17, 2013 05:02:16 UTC",38.8365,-122.7682,2.3,1.10,43,"Northern California"
ak,10853120,1,"Sunday, November 17, 2013 04:48:58 UTC",63.5624,-151.0173,1.6,11.20, 9,"Central Alaska"
ci,11392322,2,"Sunday, November 17, 2013 04:47:29 UTC",35.9845,-117.8337,1.0,4.10, 8,"Central California"
uw,60631571,2,"Sunday, November 17, 2013 03:54:37 UTC",47.8753,-121.6470,1.0,9.70,16,"Washington"
nc,72108716,1,"Sunday, November 17, 2013 03:24:38 UTC",38.8125,-122.7927,1.3,3.20,28,"Northern California"
nc,72108711,1,"Sunday, November 17, 2013 03:11:25 UTC",38.8218,-122.7937,1.3,3.30,27,"Northern California"
ci,11392306,2,"Sunday, November 17, 2013 03:11:19 UTC",33.8050,-117.6992,1.5,8.00,37,"Greater Los Angeles area, California"
pr,13321001,0,"Sunday, November 17, 2013 03:06:29 UTC",19.3190,-64.6166,2.6,26.00, 5,"Virgin Islands region"
nn,00429341,1,"Sunday, November 17, 2013 02:55:46 UTC",40.2492,-119.7849,1.0,12.60, 6,"Nevada"
ak,10853078,2,"Sunday, November 17, 2013 01:52:55 UTC",59.7370,-152.8024,2.0,99.00,19,"Southern Alaska"
ak,10853073,1,"Sunday, November 17, 2013 01:45:11 UTC",63.4246,-150.4028,1.5,13.70, 7,"Central Alaska"
ak,10853067,2,"Sunday, November 17, 2013 01:31:33 UTC",61.2142,-150.3573,1.1,34.30, 9,"Southern Alaska"
ak,10853064,1,"Sunday, November 17, 2013 01:28:54 UTC",63.3508,-149.9988,1.4,1.80,12,"Central Alaska"
nc,72108691,0,"Sunday, November 17, 2013 01:16:35 UTC",38.8347,-122.7615,1.0,1.50, 7,"Northern California"
nc,72108686,1,"Sunday, November 17, 2013 01:14:49 UTC",38.7847,-122.7760,2.5,2.70,48,"Northern California"
nc,72108671,1,"Sunday, November 17, 2013 00:40:40 UTC",38.8083,-122.8123,1.6,2.30,34,"Northern California"
nc,72108651,0,"Sunday, November 17, 2013 00:12:00 UTC",39.9913,-120.0000,2.0,4.50,15,"Northern California"
ak,10853051,1,"Sunday, November 17, 2013 00:03:05 UTC",62.4602,-148.1296,1.6,97.90,14,"Central Alaska"
nc,72108636,0,"Saturday, November 16, 2013 23:47:39 UTC",38.8002,-122.8130,1.3,2.90,15,"Northern California"
ci,11392282,4,"Saturday, November 16, 2013 23:42:51 UTC",33.7823,-117.8690,2.3,2.10,56,"Greater Los Angeles area, California"
nc,72108626,1,"Saturday, November 16, 2013 23:40:24 UTC",38.8060,-122.8128,2.0,2.50,42,"Northern California"
ak,10853027,2,"Saturday, November 16, 2013 23:17:29 UTC",61.8508,-149.9985,2.1,6.40,36,"Southern Alaska"
ak,10853028,1,"Saturday, November 16, 2013 23:17:00 UTC",62.4653,-151.3548,2.4,34.90, 7,"Central Alaska"
nc,72108611,0,"Saturday, November 16, 2013 22:35:38 UTC",38.8093,-122.8250,1.2,2.40,20,"Northern California"
nc,72108606,0,"Saturday, November 16, 2013 22:29:43 UTC",36.6072,-121.1555,1.1,5.00, 8,"Central California"
uw,60631386,2,"Saturday, November 16, 2013 21:34:12 UTC",47.8712,-121.6588,1.2,12.60,14,"Washington"
nc,72108586,0,"Saturday, November 16, 2013 21:22:38 UTC",37.3025,-122.1738,1.0,10.10, 8,"Northern California"
ak,10852986,2,"Saturday, November 16, 2013 21:03:09 UTC",62.2996,-149.9350,1.1,9.00,17,"Central Alaska"
ak,10852808,2,"Saturday, November 16, 2013 20:37:55 UTC",62.4892,-151.0039,1.4,83.70,17,"Central Alaska"
ci,11392266,2,"Saturday, November 16, 2013 20:16:55 UTC",33.7303,-116.7670,1.2,21.20,16,"Southern California"
nc,72108576,0,"Saturday, November 16, 2013 19:45:38 UTC",39.6538,-122.0138,1.8,19.30, 5,"Northern California"
ci,11392250,2,"Saturday, November 16, 2013 19:03:59 UTC",34.0218,-117.2255,1.6,16.10,57,"Greater Los Angeles area, California"
nc,72108561,0,"Saturday, November 16, 2013 18:58:54 UTC",37.5203,-118.7728,1.3,8.90,12,"Central California"
ci,11392242,2,"Saturday, November 16, 2013 18:46:57 UTC",34.0050,-116.8517,1.1,17.20,24,"Southern California"
ci,11392234,2,"Saturday, November 16, 2013 18:33:25 UTC",33.1707,-115.6818,1.2,10.90,11,"Southern California"
nc,72108541,0,"Saturday, November 16, 2013 17:27:30 UTC",37.4217,-118.5452,1.1,13.10, 9,"Central California"
ci,11392226,2,"Saturday, November 16, 2013 17:10:08 UTC",33.5647,-116.4057,1.1,9.40,28,"Southern California"
nc,72108536,1,"Saturday, November 16, 2013 16:39:45 UTC",38.8085,-122.8165,1.6,3.30,35,"Northern California"
ak,10852757,1,"Saturday, November 16, 2013 16:31:11 UTC",61.9844,-148.4180,1.5,34.20,15,"Southern Alaska"
nc,72108531,0,"Saturday, November 16, 2013 16:30:46 UTC",36.5403,-121.0542,1.4,7.80, 6,"Central California"
ak,10852745,2,"Saturday, November 16, 2013 16:23:20 UTC",63.2137,-150.0128,2.9,103.30,17,"Central Alaska"
nc,72108521,1,"Saturday, November 16, 2013 15:58:51 UTC",38.8167,-122.8162,1.3,2.80,28,"Northern California"
nc,72108516,0,"Saturday, November 16, 2013 15:53:52 UTC",37.9245,-122.0848,1.2,14.30,10,"San Francisco Bay area, California"
nc,72108511,0,"Saturday, November 16, 2013 15:40:34 UTC",38.8358,-122.8072,1.0,2.80,14,"Northern California"
nm,111613f,A,"Saturday, November 16, 2013 15:29:33 UTC",35.3266,-92.7520,2.1,6.80, 8,"Arkansas"
pr,13320004,0,"Saturday, November 16, 2013 15:02:29 UTC",18.9430,-64.9718,2.7,43.00, 7,"Virgin Islands region"
ak,10852714,2,"Saturday, November 16, 2013 14:41:53 UTC",59.1226,-153.2546,3.7,83.50,13,"Southern Alaska"
ak,10852715,1,"Saturday, November 16, 2013 14:41:19 UTC",61.1676,-145.5231,2.3,3.30, 4,"Southern Alaska"
pr,13320003,0,"Saturday, November 16, 2013 14:39:23 UTC",18.1322,-67.2409,1.8,19.00, 5,"Mona Passage, Puerto Rico"
nm,111613e,A,"Saturday, November 16, 2013 13:57:54 UTC",35.4503,-92.7017,1.8,0.10, 9,"Arkansas"
pr,13320002,0,"Saturday, November 16, 2013 13:46:15 UTC",17.8687,-65.5708,2.2,19.00, 5,"Puerto Rico region"
nm,111613d,A,"Saturday, November 16, 2013 13:31:28 UTC",35.4526,-92.6683,1.8,0.40, 9,"Arkansas"
nm,111613c,A,"Saturday, November 16, 2013 13:27:42 UTC",35.4571,-92.6517,1.7,0.10, 8,"Arkansas"
ci,11392194,2,"Saturday, November 16, 2013 13:18:51 UTC",36.0352,-117.7693,1.1,2.80, 8,"Central California"
ci,11392186,2,"Saturday, November 16, 2013 13:18:24 UTC",36.0367,-117.7712,1.2,2.60,10,"Central California"
nm,111613b,A,"Saturday, November 16, 2013 13:17:04 UTC",35.4449,-92.6650,1.7,0.10, 8,"Arkansas"
ak,10852709,2,"Saturday, November 16, 2013 13:10:03 UTC",61.1403,-140.0108,1.2,18.00, 8,"Southern Yukon Territory, Canada"
nm,111613a,A,"Saturday, November 16, 2013 12:55:57 UTC",35.4558,-92.6628,1.9,0.10,11,"Arkansas"
nc,72108451,1,"Saturday, November 16, 2013 12:08:06 UTC",35.8575,-120.4052,2.5,5.30,47,"Central California"
ak,10852700,1,"Saturday, November 16, 2013 11:53:00 UTC",61.5053,-151.2159,2.1,33.70, 5,"Southern Alaska"
ci,11392170,2,"Saturday, November 16, 2013 11:13:24 UTC",36.4098,-117.9580,1.8,0.10,16,"Central California"
ci,11392154,2,"Saturday, November 16, 2013 11:04:10 UTC",34.1560,-117.4490,1.2,9.70,28,"Greater Los Angeles area, California"
uw,60631231,2,"Saturday, November 16, 2013 10:56:23 UTC",47.8720,-121.6602,1.1,12.20,16,"Washington"
ak,10852460,2,"Saturday, November 16, 2013 10:35:05 UTC",53.8261,-163.4502,4.1,11.40,21,"Unimak Island region, Alaska"
ci,11392138,2,"Saturday, November 16, 2013 10:09:15 UTC",33.0262,-116.4245,1.5,7.50,33,"Southern California"
ak,10852450,1,"Saturday, November 16, 2013 09:54:58 UTC",61.7532,-149.2298,2.0,99.90, 4,"Southern Alaska"
ak,10852440,1,"Saturday, November 16, 2013 09:46:38 UTC",63.2889,-151.1953,1.5,10.30, 9,"Central Alaska"
ak,10852435,1,"Saturday, November 16, 2013 09:43:31 UTC",63.2757,-151.1235,1.9,0.00,19,"Central Alaska"
pr,13320001,0,"Saturday, November 16, 2013 09:42:49 UTC",17.8419,-67.1630,2.2,8.00, 4,"Puerto Rico region"
ak,10852432,1,"Saturday, November 16, 2013 09:41:16 UTC",63.3324,-151.1481,2.3,0.30,29,"Central Alaska"
uw,60631206,2,"Saturday, November 16, 2013 09:40:40 UTC",47.6055,-122.6742,1.0,21.30,14,"Seattle-Tacoma urban area, Washington"
nn,00429325,1,"Saturday, November 16, 2013 09:20:54 UTC",37.9532,-116.2210,1.4,7.00,12,"Nevada"
ak,10852204,1,"Saturday, November 16, 2013 08:45:08 UTC",60.9756,-152.0313,2.1,99.90,30,"Southern Alaska"
nc,72108406,0,"Saturday, November 16, 2013 08:40:06 UTC",40.7803,-124.3332,2.1,20.40,10,"offshore Northern California"
ci,11392122,2,"Saturday, November 16, 2013 08:28:58 UTC",34.2962,-116.9162,1.0,10.70,19,"Southern California"
nc,72108386,0,"Saturday, November 16, 2013 07:49:32 UTC",38.8422,-122.7667,1.2,1.50,16,"Northern California"
ak,10851985,2,"Saturday, November 16, 2013 07:27:10 UTC",53.5785,-165.7453,2.1,39.20,13,"Fox Islands, Aleutian Islands, Alaska"
ak,10851980,1,"Saturday, November 16, 2013 06:55:36 UTC",64.6980,-146.8857,2.1,0.40,20,"Central Alaska"
ci,11392106,2,"Saturday, November 16, 2013 06:51:47 UTC",34.6232,-116.5435,1.4,2.10,26,"Southern California"
hv,60592411,1,"Saturday, November 16, 2013 06:43:48 UTC",19.3655,-155.2957,1.8,3.60,37,"Island of Hawaii, Hawaii"
hv,60592406,2,"Saturday, November 16, 2013 06:24:58 UTC",19.3155,-155.2233,2.2,0.80,76,"Island of Hawaii, Hawaii"
ak,10851960,1,"Saturday, November 16, 2013 06:15:07 UTC",60.6228,-147.1406,1.5,15.40, 9,"Southern Alaska"
nn,00429323,1,"Saturday, November 16, 2013 06:05:47 UTC",38.4155,-117.1677,1.7,8.90, 7,"Nevada"
ak,10851747,1,"Saturday, November 16, 2013 05:30:28 UTC",63.5348,-150.8773,1.7,7.30,13,"Central Alaska"
nc,72108356,0,"Saturday, November 16, 2013 05:28:34 UTC",39.8078,-123.7940,2.0,0.00,13,"Northern California"
ci,11392090,2,"Saturday, November 16, 2013 05:12:48 UTC",33.5092,-116.4648,1.8,9.30,53,"Southern California"
ci,11392098,2,"Saturday, November 16, 2013 05:12:48 UTC",33.5098,-116.4585,1.8,9.10,31,"Southern California"
ak,10851542,1,"Saturday, November 16, 2013 05:00:14 UTC",63.1982,-148.9375,1.3,100.00, 5,"Central Alaska"
ak,10851536,1,"Saturday, November 16, 2013 04:35:20 UTC",63.5873,-148.5209,1.5,100.00, 5,"Central Alaska"
uw,60631026,1,"Saturday, November 16, 2013 04:21:55 UTC",47.8742,-121.6452,2.3,9.60,23,"Washington"
ak,10851525,1,"Saturday, November 16, 2013 04:20:34 UTC",63.7761,-148.5576,1.4,100.00, 6,"Central Alaska"
ak,10851521,1,"Saturday, November 16, 2013 04:06:06 UTC",63.4084,-146.7803,1.9,100.00, 6,"Central Alaska"
nn,00429319,1,"Saturday, November 16, 2013 04:03:14 UTC",37.3125,-115.3555,1.7,2.00,20,"Nevada"
uw,60631006,3,"Saturday, November 16, 2013 03:47:38 UTC",47.8702,-121.6507,1.2,11.80,16,"Washington"
pt,13320000,B,"Saturday, November 16, 2013 03:34:31 UTC",-60.4400,-46.9150,7.4,23.00, 7,"Scotia Sea"
ak,10851310,1,"Saturday, November 16, 2013 03:22:23 UTC",61.1039,-151.0487,2.0,49.90,38,"Southern Alaska"
ak,10851115,2,"Saturday, November 16, 2013 02:50:02 UTC",63.4959,-149.5474,1.1,109.20, 8,"Central Alaska"
ak,10851107,1,"Saturday, November 16, 2013 02:35:24 UTC",63.2598,-151.1441,1.4,8.90,11,"Central Alaska"
ak,10851102,1,"Saturday, November 16, 2013 02:27:16 UTC",62.8524,-149.7451,1.2,71.40,12,"Central Alaska"
uw,60630956,1,"Saturday, November 16, 2013 02:26:15 UTC",42.9670,-117.1250,2.4,0.80, 9,"Oregon"
nc,72108301,0,"Saturday, November 16, 2013 02:22:45 UTC",38.8095,-122.8138,1.0,2.50,19,"Northern California"
ak,10851085,1,"Saturday, November 16, 2013 02:09:23 UTC",61.4256,-140.7330,1.7,14.60,14,"Southern Yukon Territory, Canada"
pr,13320000,0,"Saturday, November 16, 2013 02:02:24 UTC",18.7280,-66.9345,2.6,62.00,10,"Puerto Rico region"
ci,11392058,2,"Saturday, November 16, 2013 01:41:00 UTC",33.9378,-116.7202,1.3,13.80,38,"Southern California"
nc,72108281,1,"Saturday, November 16, 2013 01:37:11 UTC",38.8092,-122.7430,2.0,2.40,41,"Northern California"
ak,10850863,2,"Saturday, November 16, 2013 01:11:35 UTC",59.8237,-153.3354,2.9,116.70,13,"Southern Alaska"
ak,10850853,2,"Saturday, November 16, 2013 00:34:54 UTC",62.2963,-151.1289,1.3,87.30, 9,"Central Alaska"
ci,11392050,2,"Saturday, November 16, 2013 00:28:18 UTC",33.5152,-116.4663,1.2,10.10,24,"Southern California"
ak,10850843,1,"Saturday, November 16, 2013 00:24:20 UTC",63.6934,-149.3053,1.2,6.20,16,"Central Alaska"
ak,10850840,2,"Saturday, November 16, 2013 00:13:30 UTC",63.2514,-150.4612,1.2,117.30, 9,"Central Alaska"
uw,60630886,2,"Saturday, November 16, 2013 00:03:51 UTC",44.1087,-123.0667,1.4,0.00, 7,"Oregon"
ak,10850827,1,"Friday, November 15, 2013 23:37:33 UTC",63.0739,-151.4053,1.5,4.40,14,"Central Alaska"
uw,60630836,2,"Friday, November 15, 2013 23:04:27 UTC",47.6378,-120.2240,1.2,0.00, 6,"Washington"
nc,72108211,1,"Friday, November 15, 2013 22:30:56 UTC",38.8158,-122.7913,1.6,3.20,32,"Northern California"
ci,11392034,2,"Friday, November 15, 2013 22:30:19 UTC",32.9297,-116.2590,1.3,6.40, 9,"Southern California"
uw,60630771,2,"Friday, November 15, 2013 22:13:13 UTC",49.4772,-120.5888,2.2,0.00, 5,"British Columbia, Canada"
ci,11392026,6,"Friday, November 15, 2013 22:03:30 UTC",33.2278,-117.1713,1.6,0.00, 7,"San Diego County urban area, California"
nc,72108201,0,"Friday, November 15, 2013 21:47:49 UTC",36.8740,-121.5905,1.6,1.20,10,"Central California"
uw,60630716,2,"Friday, November 15, 2013 21:21:36 UTC",47.8802,-121.6372,2.0,7.40,28,"Washington"
ci,11392018,4,"Friday, November 15, 2013 21:19:45 UTC",34.0267,-117.2212,1.4,17.50, 9,"Greater Los Angeles area, California"
ak,10850554,2,"Friday, November 15, 2013 21:10:06 UTC",62.9203,-149.4455,1.0,81.70,16,"Central Alaska"
ak,10850362,1,"Friday, November 15, 2013 20:55:36 UTC",62.4858,-151.6573,1.5,2.20, 5,"Central Alaska"
uw,60630641,3,"Friday, November 15, 2013 20:35:18 UTC",47.8765,-121.6447,2.1,8.90,25,"Washington"
ak,10850303,1,"Friday, November 15, 2013 19:55:52 UTC",61.1362,-151.5238,1.6,68.40,13,"Southern Alaska"
nc,72108126,1,"Friday, November 15, 2013 19:51:38 UTC",38.8098,-122.7970,1.6,3.10,33,"Northern California"
uw,60630551,3,"Friday, November 15, 2013 19:43:53 UTC",47.8515,-122.0298,1.4,0.00,11,"Seattle-Tacoma urban area, Washington"
ci,11392002,2,"Friday, November 15, 2013 19:32:13 UTC",35.0492,-117.6748,1.7,0.00, 9,"Southern California"
nc,72108106,0,"Friday, November 15, 2013 19:14:57 UTC",38.7643,-122.7417,1.0,2.30,18,"Northern California"
nn,00429277,1,"Friday, November 15, 2013 19:14:36 UTC",39.8120,-119.7853,1.1,11.80,21,"Nevada"
ak,10850293,2,"Friday, November 15, 2013 19:00:06 UTC",62.9697,-150.0793,1.2,97.00,15,"Central Alaska"
ak,10850119,2,"Friday, November 15, 2013 18:55:05 UTC",53.7192,-163.2257,3.4,49.00,21,"Unimak Island region, Alaska"
hv,60592141,1,"Friday, November 15, 2013 18:53:39 UTC",19.2697,-155.0572,2.0,47.00,63,"Island of Hawaii, Hawaii"
ak,10850085,1,"Friday, November 15, 2013 18:46:22 UTC",63.5427,-147.8953,1.3,1.10,17,"Central Alaska"
ak,10849774,1,"Friday, November 15, 2013 18:35:09 UTC",62.2581,-150.6402,1.6,12.00,15,"Central Alaska"
nc,72108076,1,"Friday, November 15, 2013 18:34:50 UTC",38.8097,-122.8223,2.0,2.40,31,"Northern California"
nc,72108071,0,"Friday, November 15, 2013 18:31:20 UTC",37.3113,-122.1097,2.0,0.90, 8,"San Francisco Bay area, California"
ci,11391994,7,"Friday, November 15, 2013 18:05:59 UTC",34.3412,-116.8787,1.2,0.00,15,"Southern California"
ak,10849448,1,"Friday, November 15, 2013 17:54:18 UTC",63.5458,-147.3470,1.3,5.50,16,"Central Alaska"
ci,11391986,4,"Friday, November 15, 2013 17:53:51 UTC",34.1648,-116.7767,1.0,10.10,11,"Southern California"
ci,11391978,4,"Friday, November 15, 2013 17:47:56 UTC",32.9652,-115.5603,1.7,12.70,12,"Southern California"
ak,10849430,1,"Friday, November 15, 2013 17:20:03 UTC",62.2815,-145.8711,1.5,7.10,10,"Central Alaska"
ak,10849251,1,"Friday, November 15, 2013 16:44:08 UTC",62.0813,-153.1984,1.4,0.10, 7,"Central Alaska"
uw,60630211,2,"Friday, November 15, 2013 15:57:35 UTC",48.0168,-124.6708,1.0,38.70,15,"Olympic Peninsula, Washington"
ak,10849060,1,"Friday, November 15, 2013 15:51:17 UTC",61.5612,-149.6850,1.6,32.80,20,"Southern Alaska"
hv,60592086,1,"Friday, November 15, 2013 15:44:41 UTC",19.1472,-155.3453,2.0,5.90,33,"Island of Hawaii, Hawaii"
nc,72108031,0,"Friday, November 15, 2013 15:36:30 UTC",36.3602,-120.9143,1.6,3.60,11,"Central California"
ci,11391954,2,"Friday, November 15, 2013 15:30:25 UTC",36.0517,-117.4820,1.2,5.10,10,"Central California"
ak,10849052,1,"Friday, November 15, 2013 15:25:25 UTC",62.7073,-149.2512,1.3,47.20,16,"Central Alaska"
ak,10848880,1,"Friday, November 15, 2013 14:24:18 UTC",63.5961,-147.5186,2.0,0.00,25,"Central Alaska"
nc,72108021,0,"Friday, November 15, 2013 14:23:40 UTC",38.7932,-122.7628,1.0,3.20,15,"Northern California"
pr,13319002,0,"Friday, November 15, 2013 14:14:33 UTC",18.1058,-65.1420,2.7,10.00, 3,"Virgin Islands region"
ak,10848874,2,"Friday, November 15, 2013 13:39:52 UTC",68.4656,-148.7669,3.3,22.10,14,"northern Alaska"
ak,10848872,2,"Friday, November 15, 2013 12:58:26 UTC",52.1238,-168.6652,2.6,42.60, 8,"Fox Islands, Aleutian Islands, Alaska"
pr,13319001,0,"Friday, November 15, 2013 12:36:56 UTC",18.7576,-68.7061,3.2,40.00, 5,"Dominican Republic"
uw,60629981,3,"Friday, November 15, 2013 12:28:52 UTC",43.6732,-121.1085,1.9,6.40,13,"Oregon"
nc,72107986,0,"Friday, November 15, 2013 12:22:56 UTC",36.9543,-121.5790,1.2,6.30,10,"Northern California"
uu,60044892,2,"Friday, November 15, 2013 12:20:42 UTC",39.6762,-111.5103,1.2,3.80,17,"Utah"
ak,10848707,1,"Friday, November 15, 2013 11:58:37 UTC",62.2792,-145.7969,1.8,11.30,14,"Central Alaska"
nc,72107971,0,"Friday, November 15, 2013 11:53:07 UTC",38.7870,-122.7533,1.2,1.00,16,"Northern California"
uw,60629946,2,"Friday, November 15, 2013 11:42:47 UTC",43.6835,-121.1710,1.7,0.80,16,"Newberry Caldera area, Oregon"
uu,60044882,2,"Friday, November 15, 2013 11:40:49 UTC",39.6913,-111.5112,1.0,7.70,13,"Utah"
uu,60044877,2,"Friday, November 15, 2013 11:23:41 UTC",39.6842,-111.5080,1.0,2.80, 9,"Utah"
uu,60044867,4,"Friday, November 15, 2013 11:17:02 UTC",39.6772,-111.5188,2.2,1.30,31,"Utah"
uw,60629926,3,"Friday, November 15, 2013 11:10:06 UTC",43.6783,-121.1248,2.1,5.70,13,"Newberry Caldera area, Oregon"
uu,60002235,2,"Friday, November 15, 2013 11:04:43 UTC",39.6163,-111.4800,1.9,7.80, 6,"Utah"
uu,60044862,2,"Friday, November 15, 2013 11:04:30 UTC",39.6653,-111.4943,1.4,5.60,14,"Utah"
uu,60044847,2,"Friday, November 15, 2013 10:57:35 UTC",39.6725,-111.5157,1.3,4.80,15,"Utah"
uu,60044842,4,"Friday, November 15, 2013 10:51:44 UTC",39.6848,-111.5163,2.4,5.30,35,"Utah"
uu,60044837,4,"Friday, November 15, 2013 10:40:57 UTC",39.6837,-111.5088,1.4,5.80,17,"Utah"
pr,13319000,0,"Friday, November 15, 2013 10:40:49 UTC",18.2970,-66.1546,2.3,13.00,16,"Puerto Rico"
ak,10848536,2,"Friday, November 15, 2013 10:34:17 UTC",62.3263,-148.1604,1.0,47.70,10,"Central Alaska"
ak,10848517,2,"Friday, November 15, 2013 09:39:43 UTC",51.3646,-178.8628,3.5,14.20,11,"Andreanof Islands, Aleutian Islands, Alaska"
uu,60044827,4,"Friday, November 15, 2013 08:55:44 UTC",39.6862,-111.5150,1.7,5.50,17,"Utah"
ak,10848354,1,"Friday, November 15, 2013 08:30:37 UTC",59.8417,-153.0834,2.5,100.00,33,"Southern Alaska"
nn,00429253,1,"Friday, November 15, 2013 08:29:54 UTC",39.0629,-119.6061,1.0,11.40,10,"Nevada"
nc,72107911,0,"Friday, November 15, 2013 08:28:54 UTC",36.6048,-121.1575,1.5,6.00,11,"Central California"
uu,60044817,4,"Friday, November 15, 2013 08:11:32 UTC",39.6757,-111.5213,1.6,8.00,18,"Utah"
ci,11391922,4,"Friday, November 15, 2013 07:56:15 UTC",34.2482,-118.4953,1.2,12.60, 7,"Greater Los Angeles area, California"
ci,11391914,4,"Friday, November 15, 2013 07:38:07 UTC",35.6088,-117.5240,1.3,1.70,11,"Southern California"
ci,11391906,5,"Friday, November 15, 2013 07:27:39 UTC",33.1237,-116.0462,1.5,9.30,40,"Southern California"
ak,10848200,1,"Friday, November 15, 2013 07:25:14 UTC",61.3723,-151.4672,1.8,73.20,24,"Southern Alaska"
ci,11391898,5,"Friday, November 15, 2013 06:59:19 UTC",32.8965,-115.9417,1.4,7.50,30,"Southern California"
uu,60044782,4,"Friday, November 15, 2013 06:57:32 UTC",39.6818,-111.5167,1.7,4.70,29,"Utah"
uu,60044772,2,"Friday, November 15, 2013 06:38:21 UTC",39.6768,-111.5048,1.2,2.90, 9,"Utah"
uu,60044767,4,"Friday, November 15, 2013 06:34:11 UTC",39.6818,-111.5143,1.7,3.30,27,"Utah"
uu,60044757,2,"Friday, November 15, 2013 06:09:29 UTC",39.6808,-111.5138,1.0,3.60, 9,"Utah"
nc,72107886,0,"Friday, November 15, 2013 05:56:54 UTC",38.3720,-122.3955,2.1,5.30,13,"Northern California"
uu,60044752,2,"Friday, November 15, 2013 05:55:09 UTC",39.6878,-111.5130,1.1,7.70,10,"Utah"
uu,60044747,4,"Friday, November 15, 2013 05:37:40 UTC",39.6793,-111.5155,1.4,4.60,17,"Utah"
ci,11391874,4,"Friday, November 15, 2013 05:20:25 UTC",34.3132,-118.4330,1.3,8.10,10,"Greater Los Angeles area, California"
ak,10848050,1,"Friday, November 15, 2013 05:18:46 UTC",61.5450,-140.8832,1.6,3.00, 7,"Southern Yukon Territory, Canada"
nm,111413a,B,"Friday, November 15, 2013 04:30:08 UTC",37.2706,-89.2692,2.6,7.60,20,"Illinois"
nc,72107871,0,"Friday, November 15, 2013 04:10:27 UTC",38.8360,-122.8115,1.2,2.20,22,"Northern California"
ak,10847909,2,"Friday, November 15, 2013 03:56:23 UTC",51.4367,-179.0400,2.4,24.00, 8,"Andreanof Islands, Aleutian Islands, Alaska"
ak,10847914,2,"Friday, November 15, 2013 03:49:48 UTC",63.4204,-149.4172,1.3,102.10,11,"Central Alaska"
ak,10847890,1,"Friday, November 15, 2013 03:36:05 UTC",61.7399,-150.7512,1.4,13.30, 6,"Southern Alaska"
at,00mwacmu,1,"Friday, November 15, 2013 03:35:18 UTC",51.4219,-178.6250,5.7,2.00,22,"Andreanof Islands, Aleutian Islands, Alaska"
nc,72107851,0,"Friday, November 15, 2013 03:27:28 UTC",38.7782,-122.7123,1.2,3.10,16,"Northern California"
nc,72107846,0,"Friday, November 15, 2013 03:24:54 UTC",38.8302,-122.7590,1.2,1.10, 9,"Northern California"
ak,10847766,1,"Friday, November 15, 2013 03:09:59 UTC",59.6479,-151.9324,1.5,27.70, 8,"Kenai Peninsula, Alaska"
ci,11391834,2,"Friday, November 15, 2013 02:01:50 UTC",33.5017,-116.4653,1.7,8.60,50,"Southern California"
nc,72107806,1,"Friday, November 15, 2013 01:30:18 UTC",38.8217,-122.8027,1.2,3.00,25,"Northern California"
ak,10847621,1,"Friday, November 15, 2013 01:18:59 UTC",61.7308,-147.5718,1.6,34.70,20,"Southern Alaska"
ci,11391826,4,"Friday, November 15, 2013 00:41:12 UTC",32.5465,-116.7772,1.6,0.00,28,"Baja California, Mexico"
ak,10847497,1,"Friday, November 15, 2013 00:39:11 UTC",61.8140,-151.5097,1.9,90.50,25,"Southern Alaska"
ak,10847494,1,"Friday, November 15, 2013 00:33:19 UTC",60.8645,-147.7054,2.3,17.90,26,"Southern Alaska"
ci,11391818,5,"Friday, November 15, 2013 00:22:57 UTC",34.0332,-116.3120,1.6,8.80,43,"Southern California"
ak,10847486,2,"Friday, November 15, 2013 00:05:16 UTC",61.6257,-152.2509,1.9,118.90, 8,"Southern Alaska"
ak,10847485,2,"Friday, November 15, 2013 00:04:34 UTC",64.9601,-147.3692,1.2,0.40, 8,"Central Alaska"
ak,10852902,2,"Thursday, November 14, 2013 23:51:41 UTC",61.9046,-143.9141,1.2,6.80,16,"Southern Alaska"
ak,10852901,2,"Thursday, November 14, 2013 23:44:19 UTC",51.4107,-176.2851,1.9,19.30,10,"Andreanof Islands, Aleutian Islands, Alaska"
nc,72107771,0,"Thursday, November 14, 2013 23:27:19 UTC",38.8440,-122.8298,1.0,1.90,21,"Northern California"
ak,10852900,2,"Thursday, November 14, 2013 23:13:53 UTC",51.5275,-174.9121,2.6,42.70,19,"Andreanof Islands, Aleutian Islands, Alaska"
ci,11391802,4,"Thursday, November 14, 2013 23:06:50 UTC",33.0622,-116.4777,1.1,0.00,25,"Southern California"
pr,13318004,0,"Thursday, November 14, 2013 23:04:01 UTC",18.7737,-67.3660,2.8,33.00, 6,"Puerto Rico region"
uw,60629641,3,"Thursday, November 14, 2013 23:00:34 UTC",43.6698,-121.1398,1.0,5.50, 9,"Newberry Caldera area, Oregon"
uw,60629636,5,"Thursday, November 14, 2013 22:58:53 UTC",43.6658,-121.1512,1.9,2.80,14,"Newberry Caldera area, Oregon"
ak,10847193,2,"Thursday, November 14, 2013 22:39:13 UTC",63.2132,-151.3196,1.5,11.80,34,"Central Alaska"
uw,60629621,1,"Thursday, November 14, 2013 22:30:25 UTC",43.6715,-121.1792,1.0,7.70, 8,"Newberry Caldera area, Oregon"
nc,72107756,0,"Thursday, November 14, 2013 22:29:52 UTC",40.7577,-122.3083,1.9,5.00, 6,"Northern California"
uw,60629611,3,"Thursday, November 14, 2013 22:28:55 UTC",43.6690,-121.1658,1.7,0.00,15,"Newberry Caldera area, Oregon"
ak,10847176,2,"Thursday, November 14, 2013 22:19:01 UTC",53.4932,-165.3132,2.1,38.40,20,"Fox Islands, Aleutian Islands, Alaska"
ci,11391794,5,"Thursday, November 14, 2013 22:12:45 UTC",32.7685,-116.8850,1.7,0.00,22,"San Diego County urban area, California"
ak,10847157,2,"Thursday, November 14, 2013 22:06:17 UTC",61.8856,-149.2258,1.5,35.20,36,"Southern Alaska"
nc,72107746,0,"Thursday, November 14, 2013 22:00:18 UTC",38.7715,-122.7172,1.0,2.70, 8,"Northern California"
ak,10847139,2,"Thursday, November 14, 2013 21:41:52 UTC",61.4952,-140.5403,1.4,9.80,23,"Southern Yukon Territory, Canada"
ak,10847138,2,"Thursday, November 14, 2013 21:41:12 UTC",51.4196,-176.6285,3.6,26.30,26,"Andreanof Islands, Aleutian Islands, Alaska"
nc,72107726,1,"Thursday, November 14, 2013 21:20:09 UTC",40.3712,-124.6070,2.6,21.00,14,"offshore Northern California"
ak,10852893,2,"Thursday, November 14, 2013 21:19:23 UTC",61.5119,-146.2118,1.3,10.00,18,"Southern Alaska"
ak,10847025,2,"Thursday, November 14, 2013 21:05:49 UTC",61.8393,-150.0646,1.1,39.80,17,"Southern Alaska"
ci,11391786,5,"Thursday, November 14, 2013 20:48:47 UTC",33.8478,-117.4907,1.3,0.00,28,"Greater Los Angeles area, California"
ak,10846892,2,"Thursday, November 14, 2013 20:25:24 UTC",63.9270,-148.8915,1.5,0.00,24,"Central Alaska"
nn,00429205,1,"Thursday, November 14, 2013 20:17:39 UTC",38.7890,-117.0247,1.9,5.00, 5,"Nevada"
nc,72107696,0,"Thursday, November 14, 2013 20:01:20 UTC",35.7165,-121.0737,1.3,6.40,11,"Central California"
ak,10846871,2,"Thursday, November 14, 2013 19:59:24 UTC",60.9402,-147.5858,1.3,15.00,25,"Southern Alaska"
ci,11391770,4,"Thursday, November 14, 2013 19:49:23 UTC",34.3122,-118.4197,1.9,8.50,36,"Greater Los Angeles area, California"
ci,11391762,4,"Thursday, November 14, 2013 19:38:30 UTC",35.0467,-118.3173,1.4,0.00,16,"Southern California"
nc,72107661,0,"Thursday, November 14, 2013 19:35:56 UTC",36.6248,-121.1637,1.0,7.80, 8,"Central California"
ak,10846846,2,"Thursday, November 14, 2013 19:26:07 UTC",64.8043,-148.8052,1.1,18.40,16,"Central Alaska"
ak,10846744,2,"Thursday, November 14, 2013 19:21:00 UTC",51.1853,-178.5311,2.9,22.00,21,"Andreanof Islands, Aleutian Islands, Alaska"
uw,60629416,3,"Thursday, November 14, 2013 19:15:18 UTC",44.1007,-121.3427,1.0,0.00,14,"Oregon"
ak,10846732,2,"Thursday, November 14, 2013 18:51:45 UTC",51.5830,-178.3856,2.8,4.90,20,"Andreanof Islands, Aleutian Islands, Alaska"
ak,10846721,2,"Thursday, November 14, 2013 18:16:52 UTC",62.2272,-145.6903,1.6,13.80,26,"Central Alaska"
nc,72107636,0,"Thursday, November 14, 2013 18:14:37 UTC",40.2360,-121.0865,2.0,1.30, 8,"Northern California"
ak,10852883,2,"Thursday, November 14, 2013 17:53:55 UTC",51.3914,-178.8060,2.4,11.70,11,"Andreanof Islands, Aleutian Islands, Alaska"
uw,60629321,1,"Thursday, November 14, 2013 17:44:53 UTC",43.6638,-121.1480,1.0,1.80,10,"Newberry Caldera area, Oregon"
ak,10846618,2,"Thursday, November 14, 2013 17:39:29 UTC",51.4113,-178.6651,2.5,6.70,18,"Andreanof Islands, Aleutian Islands, Alaska"
pr,13318003,0,"Thursday, November 14, 2013 17:34:00 UTC",18.1814,-66.9933,2.0,15.00,12,"Puerto Rico"
nc,72107626,0,"Thursday, November 14, 2013 17:22:08 UTC",38.8122,-122.8265,1.5,2.50,17,"Northern California"
nc,72107621,0,"Thursday, November 14, 2013 17:19:47 UTC",38.8115,-122.8127,1.3,2.60,18,"Northern California"
ci,11391730,5,"Thursday, November 14, 2013 17:17:55 UTC",33.7152,-116.7682,1.5,17.70,40,"Southern California"
ak,10846603,2,"Thursday, November 14, 2013 17:01:55 UTC",65.1085,-147.3639,2.0,1.80,27,"northern Alaska"
nc,72107616,0,"Thursday, November 14, 2013 16:52:57 UTC",38.7912,-122.8092,1.3,3.40,22,"Northern California"
nc,72107611,0,"Thursday, November 14, 2013 16:43:39 UTC",38.8230,-122.8090,1.2,3.10,17,"Northern California"
nc,72107606,0,"Thursday, November 14, 2013 16:42:48 UTC",38.8228,-122.8088,1.0,3.30,19,"Northern California"
ak,10846593,2,"Thursday, November 14, 2013 16:36:12 UTC",61.6406,-150.6594,1.8,4.40,46,"Southern Alaska"
ci,11391706,4,"Thursday, November 14, 2013 16:25:00 UTC",34.0455,-117.2282,1.2,16.80,12,"Greater Los Angeles area, California"
ak,10846582,2,"Thursday, November 14, 2013 16:21:41 UTC",58.8821,-154.4808,2.7,121.40,82,"Alaska Peninsula"
pr,13318002,0,"Thursday, November 14, 2013 16:09:49 UTC",18.8966,-64.2713,2.6,35.00, 4,"Virgin Islands region"
ak,10846578,2,"Thursday, November 14, 2013 16:04:05 UTC",59.8997,-153.2161,2.1,117.20,39,"Southern Alaska"
ak,10852875,2,"Thursday, November 14, 2013 15:45:06 UTC",59.8405,-152.9044,1.9,99.90,28,"Southern Alaska"
ak,10846572,2,"Thursday, November 14, 2013 15:32:34 UTC",63.4722,-151.3430,1.5,2.30,23,"Central Alaska"
hv,60591586,1,"Thursday, November 14, 2013 15:18:10 UTC",19.2100,-155.4757,1.8,0.30,69,"Island of Hawaii, Hawaii"
ci,37163829,2,"Thursday, November 14, 2013 15:06:11 UTC",36.4477,-117.0108,1.2,11.70, 7,"Central California"
ak,10846563,2,"Thursday, November 14, 2013 15:00:24 UTC",63.4363,-146.0446,1.9,1.00,39,"Central Alaska"
ci,11391674,3,"Thursday, November 14, 2013 14:56:27 UTC",33.8773,-117.8105,1.2,8.60,19,"Greater Los Angeles area, California"
ak,10846556,3,"Thursday, November 14, 2013 14:48:20 UTC",59.5050,-150.6954,1.4,38.00,18,"Kenai Peninsula, Alaska"
ak,10846550,2,"Thursday, November 14, 2013 14:38:14 UTC",60.8544,-150.7701,1.9,37.60,45,"Kenai Peninsula, Alaska"
ak,10846458,2,"Thursday, November 14, 2013 14:05:25 UTC",61.5646,-151.4316,1.8,70.20,48,"Southern Alaska"
nc,72107566,0,"Thursday, November 14, 2013 13:49:07 UTC",39.2217,-120.4820,1.5,8.30, 8,"Northern California"
uu,60044642,2,"Thursday, November 14, 2013 13:44:50 UTC",38.9590,-111.3930,1.2,1.90, 9,"Utah"
ak,10846455,2,"Thursday, November 14, 2013 13:32:53 UTC",52.2508,-175.5799,3.2,72.70,20,"Andreanof Islands, Aleutian Islands, Alaska"
ak,10852868,2,"Thursday, November 14, 2013 13:20:45 UTC",59.9308,-153.4288,1.8,120.70,16,"Southern Alaska"
ci,11391650,2,"Thursday, November 14, 2013 13:08:22 UTC",36.0842,-117.8783,1.4,0.90,14,"Central California"
uu,60044637,2,"Thursday, November 14, 2013 12:48:34 UTC",38.7170,-111.4437,1.2,0.40, 5,"Utah"
nc,72107546,0,"Thursday, November 14, 2013 12:38:01 UTC",38.7900,-122.7620,1.1,0.20,19,"Northern California"
nc,72107521,0,"Thursday, November 14, 2013 11:59:50 UTC",38.8287,-122.7952,1.2,2.90,13,"Northern California"
ak,10852867,2,"Thursday, November 14, 2013 11:57:26 UTC",59.5437,-153.2900,2.0,100.00,24,"Southern Alaska"
ak,10852866,2,"Thursday, November 14, 2013 11:41:40 UTC",53.6966,-165.4729,1.9,85.70,11,"Fox Islands, Aleutian Islands, Alaska"
nn,00429168,1,"Thursday, November 14, 2013 11:34:57 UTC",39.7367,-119.5891,1.4,12.90,27,"Nevada"
nc,72107506,0,"Thursday, November 14, 2013 11:30:28 UTC",38.8208,-122.7968,1.0,3.10,13,"Northern California"
ak,10852865,2,"Thursday, November 14, 2013 11:27:42 UTC",53.4101,-163.4831,2.3,25.00,13,"Unimak Island region, Alaska"
ak,10852864,2,"Thursday, November 14, 2013 11:27:13 UTC",51.3601,-178.9834,2.2,10.40, 8,"Andreanof Islands, Aleutian Islands, Alaska"
ak,10846358,2,"Thursday, November 14, 2013 11:26:03 UTC",53.3454,-163.5267,2.4,25.00,14,"Unimak Island region, Alaska"
ci,11391626,3,"Thursday, November 14, 2013 11:24:51 UTC",33.4630,-116.4713,1.6,14.90,37,"Southern California"
ak,10846354,3,"Thursday, November 14, 2013 11:17:33 UTC",51.4368,-178.7816,2.9,9.00,14,"Andreanof Islands, Aleutian Islands, Alaska"
ak,10852860,2,"Thursday, November 14, 2013 11:01:02 UTC",59.4860,-152.7122,1.8,75.80,22,"Southern Alaska"
ak,10852859,2,"Thursday, November 14, 2013 10:31:19 UTC",60.2081,-152.6376,1.7,108.50,19,"Southern Alaska"
ak,10846267,2,"Thursday, November 14, 2013 10:23:40 UTC",60.8687,-138.0839,1.5,0.50,14,"Southern Yukon Territory, Canada"
nn,00429150,1,"Thursday, November 14, 2013 10:03:34 UTC",38.1569,-115.9576,1.7,0.00, 5,"Nevada"
nc,72107496,1,"Thursday, November 14, 2013 09:59:36 UTC",38.8190,-122.7648,1.8,2.40,25,"Northern California"
ak,10852857,2,"Thursday, November 14, 2013 09:41:44 UTC",52.4642,-163.9557,2.6,25.00,15,"south of Alaska"
ci,11391602,3,"Thursday, November 14, 2013 09:39:27 UTC",34.7295,-120.6647,1.8,0.00,21,"offshore Central California"
ak,10846257,3,"Thursday, November 14, 2013 09:24:40 UTC",63.5898,-149.5921,1.3,120.80,14,"Central Alaska"
ak,10852855,2,"Thursday, November 14, 2013 09:22:31 UTC",57.2737,-154.9221,1.9,68.20,14,"Kodiak Island region, Alaska"
nc,72107446,0,"Thursday, November 14, 2013 08:54:42 UTC",38.8045,-122.7720,1.2,0.00,21,"Northern California"
nc,72107421,1,"Thursday, November 14, 2013 08:54:12 UTC",38.8053,-122.7740,2.4,0.10,44,"Northern California"
nc,72107441,0,"Thursday, November 14, 2013 08:53:43 UTC",38.7875,-122.7665,1.0,1.20,10,"Northern California"
nc,72107436,0,"Thursday, November 14, 2013 08:53:36 UTC",38.8010,-122.7702,1.3,0.30,16,"Northern California"
nc,72107426,0,"Thursday, November 14, 2013 08:52:55 UTC",38.7782,-122.7942,1.0,3.20,10,"Northern California"
nc,72107416,0,"Thursday, November 14, 2013 08:52:03 UTC",38.8062,-122.7707,1.4,0.10,20,"Northern California"
nc,72107411,0,"Thursday, November 14, 2013 08:51:43 UTC",38.8067,-122.7752,1.3,1.40,12,"Northern California"
nc,72107391,1,"Thursday, November 14, 2013 08:51:30 UTC",38.8057,-122.7742,2.0,0.50,27,"Northern California"
nc,72107401,0,"Thursday, November 14, 2013 08:51:05 UTC",38.8012,-122.7705,1.1,0.70,17,"Northern California"
ci,11391594,4,"Thursday, November 14, 2013 08:50:46 UTC",33.2867,-116.2450,1.4,10.20,36,"Southern California"
nc,72107361,1,"Thursday, November 14, 2013 08:49:56 UTC",38.7993,-122.7722,2.6,0.30,59,"Northern California"
nc,72107371,0,"Thursday, November 14, 2013 08:49:04 UTC",38.7858,-122.7652,1.2,0.00,11,"Northern California"
nc,72107366,0,"Thursday, November 14, 2013 08:48:58 UTC",38.7800,-122.7358,1.5,1.70, 9,"Northern California"
nc,72107356,0,"Thursday, November 14, 2013 08:48:25 UTC",38.8200,-122.7780,1.3,0.60,17,"Northern California"
nc,72107351,0,"Thursday, November 14, 2013 08:48:07 UTC",38.7818,-122.7827,1.4,0.10,12,"Northern California"
nc,72107336,6,"Thursday, November 14, 2013 08:47:18 UTC",38.7877,-122.7610,3.4,2.50,94,"Northern California"
nc,72107331,0,"Thursday, November 14, 2013 08:38:45 UTC",38.8103,-122.7393,1.1,2.40,20,"Northern California"
nc,72107326,1,"Thursday, November 14, 2013 08:32:48 UTC",38.8262,-122.7947,1.5,2.40,26,"Northern California"
ak,10852854,2,"Thursday, November 14, 2013 08:25:19 UTC",51.3952,-178.8361,2.3,10.40,13,"Andreanof Islands, Aleutian Islands, Alaska"
ak,10846137,2,"Thursday, November 14, 2013 08:00:23 UTC",59.3040,-153.5647,2.3,117.00,55,"Southern Alaska"
nc,72107306,0,"Thursday, November 14, 2013 07:35:45 UTC",38.8118,-122.8170,1.5,3.10, 8,"Northern California"
ak,10846052,3,"Thursday, November 14, 2013 07:28:21 UTC",59.6217,-142.9054,1.7,8.00,30,"Gulf of Alaska"
nc,72107301,1,"Thursday, November 14, 2013 07:28:12 UTC",40.2135,-121.1140,2.6,0.00,34,"Northern California"
ak,10852849,2,"Thursday, November 14, 2013 07:15:49 UTC",63.2403,-150.3490,1.3,119.30,16,"Central Alaska"
ak,10852848,2,"Thursday, November 14, 2013 07:06:35 UTC",60.4155,-147.2903,1.2,13.30,16,"Southern Alaska"
ak,10852847,2,"Thursday, November 14, 2013 07:06:24 UTC",54.0785,-163.2708,2.3,18.80, 7,"Unimak Island region, Alaska"
ci,11391554,3,"Thursday, November 14, 2013 06:19:20 UTC",35.7782,-118.5112,1.2,7.90,16,"Central California"
ak,10845967,2,"Thursday, November 14, 2013 06:07:53 UTC",54.2966,-161.3702,2.9,25.50,12,"Alaska Peninsula"
ci,11391546,4,"Thursday, November 14, 2013 06:05:38 UTC",33.7617,-116.9233,1.5,15.20,51,"Southern California"
nc,72107271,0,"Thursday, November 14, 2013 05:58:47 UTC",40.2212,-121.0920,2.0,5.90, 9,"Northern California"
ak,10852845,2,"Thursday, November 14, 2013 05:43:14 UTC",60.1701,-153.0876,1.6,133.30,12,"Southern Alaska"
ak,10852844,2,"Thursday, November 14, 2013 05:39:41 UTC",50.0661,179.6531,2.8,25.00,12,"Rat Islands, Aleutian Islands, Alaska"
ak,10852843,2,"Thursday, November 14, 2013 05:34:55 UTC",51.4502,-178.8568,2.2,11.80, 8,"Andreanof Islands, Aleutian Islands, Alaska"
ak,10852842,2,"Thursday, November 14, 2013 05:30:00 UTC",53.4891,-163.5266,2.2,25.40,10,"Unimak Island region, Alaska"
ak,10845880,3,"Thursday, November 14, 2013 05:10:49 UTC",52.1180,-168.3790,3.4,25.80,20,"Fox Islands, Aleutian Islands, Alaska"
ak,10852840,2,"Thursday, November 14, 2013 05:06:59 UTC",60.6620,-147.0833,1.2,14.30,15,"Southern Alaska"
ci,11391514,3,"Thursday, November 14, 2013 04:56:45 UTC",33.9637,-118.4280,1.6,10.30,28,"Greater Los Angeles area, California"
nc,72107226,0,"Thursday, November 14, 2013 04:50:16 UTC",39.2963,-123.0373,2.4,34.50, 4,"Northern California"
ak,10852839,2,"Thursday, November 14, 2013 04:50:10 UTC",60.1503,-153.2772,1.9,137.60,24,"Southern Alaska"
nc,72107221,1,"Thursday, November 14, 2013 04:49:54 UTC",38.8323,-122.7983,2.0,2.50,29,"Northern California"
ak,10845870,2,"Thursday, November 14, 2013 04:45:00 UTC",60.5351,-142.5908,1.3,17.40,24,"Southern Alaska"
ak,10845867,2,"Thursday, November 14, 2013 04:42:28 UTC",61.5265,-150.5503,1.5,57.70,30,"Southern Alaska"
mb,29536,1,"Thursday, November 14, 2013 04:26:55 UTC",44.6816,-111.8878,1.4,6.60,11,"western Montana"
pr,13318001,0,"Thursday, November 14, 2013 04:24:59 UTC",19.1168,-64.0820,3.3,50.00,18,"Virgin Islands region"
hv,60591446,2,"Thursday, November 14, 2013 04:20:25 UTC",19.4177,-155.2663,2.0,2.30,27,"Island of Hawaii, Hawaii"
ak,10845859,2,"Thursday, November 14, 2013 04:17:24 UTC",60.8186,-149.7516,1.4,29.00,31,"Kenai Peninsula, Alaska"
ak,10852835,2,"Thursday, November 14, 2013 04:10:21 UTC",63.3298,-145.0194,1.1,9.60,10,"Central Alaska"
nc,72107201,0,"Thursday, November 14, 2013 04:03:01 UTC",35.4958,-120.7777,1.6,3.20,17,"Central California"
ak,10845855,2,"Thursday, November 14, 2013 04:00:35 UTC",59.9547,-151.0015,1.6,45.10,27,"Kenai Peninsula, Alaska"
ak,10845853,2,"Thursday, November 14, 2013 03:57:31 UTC",53.3515,-163.4968,3.0,29.70,22,"Unimak Island region, Alaska"
ak,10852832,2,"Thursday, November 14, 2013 03:55:19 UTC",51.6235,-178.4318,2.3,2.20, 9,"Andreanof Islands, Aleutian Islands, Alaska"
ak,10845843,2,"Thursday, November 14, 2013 03:35:46 UTC",62.9130,-150.8090,1.5,99.00,24,"Central Alaska"
ak,10852830,2,"Thursday, November 14, 2013 03:29:10 UTC",51.5858,-178.4438,2.3,3.00,11,"Andreanof Islands, Aleutian Islands, Alaska"
ci,11391490,3,"Thursday, November 14, 2013 03:28:55 UTC",33.3615,-116.3560,1.0,13.20,21,"Southern California"
ak,10852829,2,"Thursday, November 14, 2013 03:25:41 UTC",51.5628,-178.4405,2.0,4.80, 9,"Andreanof Islands, Aleutian Islands, Alaska"
nc,72107166,0,"Thursday, November 14, 2013 03:06:41 UTC",37.0178,-121.7457,1.2,11.50,11,"Northern California"
ak,10852828,2,"Thursday, November 14, 2013 03:02:05 UTC",52.1331,-168.4072,2.0,18.40, 8,"Fox Islands, Aleutian Islands, Alaska"
ci,11391450,4,"Thursday, November 14, 2013 02:55:12 UTC",33.7140,-116.8273,2.0,19.70,59,"Southern California"
nc,72107156,0,"Thursday, November 14, 2013 02:54:57 UTC",35.2463,-120.5108,1.7,6.00, 7,"Central California"
mb,29535,1,"Thursday, November 14, 2013 02:45:01 UTC",47.2790,-113.8445,1.1,22.50, 7,"western Montana"
ak,10852827,2,"Thursday, November 14, 2013 02:23:38 UTC",50.7305,-173.2717,2.3,28.40, 9,"Andreanof Islands, Aleutian Islands, Alaska"
nc,72107141,1,"Thursday, November 14, 2013 02:16:01 UTC",37.7862,-121.9565,1.8,9.70,26,"San Francisco Bay area, California"
ci,11391434,3,"Thursday, November 14, 2013 01:53:32 UTC",34.1187,-117.4877,1.0,13.30,12,"Greater Los Angeles area, California"
ak,10852826,2,"Thursday, November 14, 2013 01:50:14 UTC",51.5447,-175.3257,1.6,25.40, 8,"Andreanof Islands, Aleutian Islands, Alaska"
ak,10845686,2,"Thursday, November 14, 2013 01:48:13 UTC",51.4021,-178.8981,2.7,9.90,11,"Andreanof Islands, Aleutian Islands, Alaska"
ak,10852824,2,"Thursday, November 14, 2013 01:45:16 UTC",52.2705,-168.3048,2.0,0.10, 9,"Fox Islands, Aleutian Islands, Alaska"
ak,10852823,2,"Thursday, November 14, 2013 01:37:36 UTC",63.5751,-147.3780,1.2,17.10,12,"Central Alaska"
pr,13318000,0,"Thursday, November 14, 2013 01:37:16 UTC",17.9188,-66.6548,1.8,16.00, 4,"Puerto Rico region"
ak,10845680,2,"Thursday, November 14, 2013 01:36:56 UTC",63.4975,-147.7632,1.6,0.70,27,"Central Alaska"
ak,10845678,2,"Thursday, November 14, 2013 01:33:22 UTC",62.9477,-149.1951,1.1,77.00,20,"Central Alaska"
ak,10852820,2,"Thursday, November 14, 2013 01:18:42 UTC",63.6214,-149.2027,1.0,112.60,13,"Central Alaska"
ak,10845671,3,"Thursday, November 14, 2013 01:15:48 UTC",51.4342,-178.7811,3.7,3.60,18,"Andreanof Islands, Aleutian Islands, Alaska"
ci,11391426,3,"Thursday, November 14, 2013 01:13:54 UTC",34.0245,-116.8493,1.2,22.30,31,"Southern California"
ak,10845664,2,"Thursday, November 14, 2013 01:10:11 UTC",60.4107,-138.6942,1.6,6.10,17,"Southern Yukon Territory, Canada"
ak,10845639,2,"Thursday, November 14, 2013 00:54:07 UTC",63.0313,-149.5773,2.0,81.80,42,"Central Alaska"
ak,10852816,2,"Thursday, November 14, 2013 00:48:35 UTC",53.4097,-167.2859,1.6,74.60, 8,"Fox Islands, Aleutian Islands, Alaska"
ak,10852815,2,"Thursday, November 14, 2013 00:44:48 UTC",51.6843,-175.4145,1.8,61.50,10,"Andreanof Islands, Aleutian Islands, Alaska"
uw,60629046,1,"Thursday, November 14, 2013 00:43:35 UTC",45.5450,-119.9412,2.0,0.00,26,"Oregon"
ak,10845634,2,"Thursday, November 14, 2013 00:39:53 UTC",59.9416,-148.9001,1.4,13.50,12,"Kenai Peninsula, Alaska"
ci,11391418,4,"Thursday, November 14, 2013 00:33:51 UTC",34.3317,-118.6397,1.7,10.10,20,"Greater Los Angeles area, California"
ak,10845629,2,"Thursday, November 14, 2013 00:30:37 UTC",63.0702,-151.5018,1.3,6.40,17,"Central Alaska"
ci,11391410,3,"Thursday, November 14, 2013 00:19:51 UTC",33.8757,-116.7897,1.0,16.50,31,"Southern California"
ci,11391402,3,"Thursday, November 14, 2013 00:07:46 UTC",36.1580,-118.0657,1.5,3.40,15,"Central California"
nn,00429109,1,"Thursday, November 14, 2013 00:06:16 UTC",39.7361,-119.5742,2.3,15.00,28,"Nevada"
uw,60629036,1,"Wednesday, November 13, 2013 23:48:37 UTC",45.6597,-122.3188,1.2,0.00,15,"Washington"
ci,11391394,2,"Wednesday, November 13, 2013 23:38:27 UTC",33.2343,-115.9655,1.3,3.90,24,"Southern California"
ci,11391386,3,"Wednesday, November 13, 2013 23:34:59 UTC",35.6695,-118.4623,1.4,10.10,13,"Central California"
nc,72107101,0,"Wednesday, November 13, 2013 23:21:52 UTC",36.5760,-121.0307,1.1,7.90, 9,"Central California"
nc,72107091,0,"Wednesday, November 13, 2013 23:06:18 UTC",36.0593,-120.6513,1.3,0.00, 8,"Central California"
ak,10849591,3,"Wednesday, November 13, 2013 22:58:12 UTC",63.3426,-142.8359,1.7,6.90,14,"Central Alaska"
nc,72107086,1,"Wednesday, November 13, 2013 22:57:58 UTC",37.3158,-121.6848,1.9,7.70,38,"Northern California"
ak,10845449,2,"Wednesday, November 13, 2013 22:52:11 UTC",61.8881,-151.0632,1.3,61.30,26,"Southern Alaska"
ci,11391378,4,"Wednesday, November 13, 2013 22:51:14 UTC",33.1055,-116.6133,1.0,11.50,26,"Southern California"
ak,10849589,2,"Wednesday, November 13, 2013 22:21:37 UTC",60.0175,-152.7676,1.7,112.80,18,"Southern Alaska"
ak,10845367,2,"Wednesday, November 13, 2013 22:08:43 UTC",62.0645,-145.1870,1.3,19.70,13,"Central Alaska"
ak,10849586,2,"Wednesday, November 13, 2013 21:44:00 UTC",53.2345,-167.0367,1.7,62.50,12,"Fox Islands, Aleutian Islands, Alaska"
ak,10845220,2,"Wednesday, November 13, 2013 21:40:11 UTC",61.1443,-147.0038,1.5,0.00, 9,"Southern Alaska"
ak,10845215,2,"Wednesday, November 13, 2013 21:32:55 UTC",62.0471,-149.8924,1.0,43.80,17,"Central Alaska"
ak,10849583,2,"Wednesday, November 13, 2013 21:11:19 UTC",63.1336,-150.4791,1.3,124.50,18,"Central Alaska"
ak,10849582,2,"Wednesday, November 13, 2013 21:10:16 UTC",51.4867,-178.6007,2.0,5.00, 9,"Andreanof Islands, Aleutian Islands, Alaska"
nc,72107031,1,"Wednesday, November 13, 2013 21:08:43 UTC",37.3167,-121.6867,1.9,7.60,36,"Northern California"
pr,13317002,0,"Wednesday, November 13, 2013 21:06:53 UTC",19.0130,-65.1546,3.2,30.00, 7,"Puerto Rico region"
pr,13317001,0,"Wednesday, November 13, 2013 20:59:24 UTC",17.8743,-67.1846,2.4,5.00,11,"Puerto Rico region"
ci,11391354,7,"Wednesday, November 13, 2013 20:58:14 UTC",33.8632,-117.4957,1.5,0.00,24,"Greater Los Angeles area, California"
nc,72107001,1,"Wednesday, November 13, 2013 20:47:18 UTC",37.7870,-121.9625,2.4,10.50,50,"San Francisco Bay area, California"
ak,10849581,2,"Wednesday, November 13, 2013 20:47:15 UTC",51.4309,-178.6036,1.9,5.00,10,"Andreanof Islands, Aleutian Islands, Alaska"
nn,00429071,1,"Wednesday, November 13, 2013 20:33:47 UTC",39.3765,-119.9780,1.7,7.20,27,"Nevada"
nc,72106991,0,"Wednesday, November 13, 2013 20:28:28 UTC",37.7793,-121.9512,1.4,7.80,11,"San Francisco Bay area, California"
ak,10849580,2,"Wednesday, November 13, 2013 20:19:04 UTC",51.4880,-178.7086,2.1,1.10, 8,"Andreanof Islands, Aleutian Islands, Alaska"
ci,11391346,5,"Wednesday, November 13, 2013 20:14:21 UTC",34.0088,-117.1837,1.4,14.70,36,"Greater Los Angeles area, California"
ci,11391338,5,"Wednesday, November 13, 2013 20:14:03 UTC",34.0095,-117.1850,1.5,13.90,64,"Greater Los Angeles area, California"
ak,10849579,2,"Wednesday, November 13, 2013 20:12:01 UTC",62.4862,-151.6617,1.3,92.80,20,"Central Alaska"
nn,00429070,1,"Wednesday, November 13, 2013 20:06:07 UTC",37.8036,-116.2028,1.6,0.00,23,"Nevada"
ci,11391330,2,"Wednesday, November 13, 2013 19:46:53 UTC",36.1553,-118.0722,1.1,1.50,15,"Central California"
ak,10844968,3,"Wednesday, November 13, 2013 19:46:35 UTC",59.2789,-137.3741,2.0,9.70,20,"British Columbia, Canada"
nc,72106976,2,"Wednesday, November 13, 2013 19:44:16 UTC",37.9778,-119.1588,1.2,5.40, 8,"Central California"
ak,10844952,2,"Wednesday, November 13, 2013 19:30:11 UTC",60.2566,-151.6482,1.9,66.20,30,"Kenai Peninsula, Alaska"
ci,11391314,2,"Wednesday, November 13, 2013 19:08:07 UTC",33.0662,-114.9883,1.7,0.00, 7,"Southern California"
ci,11391306,4,"Wednesday, November 13, 2013 19:01:47 UTC",36.1527,-118.0710,1.0,2.70,14,"Central California"
ak,10844875,2,"Wednesday, November 13, 2013 18:52:42 UTC",61.2305,-150.4758,1.8,45.00,37,"Southern Alaska"
nc,72106936,0,"Wednesday, November 13, 2013 18:50:10 UTC",36.5832,-121.4223,1.7,0.80,12,"Central California"
nc,72106926,2,"Wednesday, November 13, 2013 18:22:49 UTC",38.0138,-119.0125,1.1,6.50,17,"Central California"
ci,11391282,2,"Wednesday, November 13, 2013 18:09:52 UTC",36.2347,-118.3253,1.2,5.60,11,"Central California"
ak,10849574,2,"Wednesday, November 13, 2013 17:41:00 UTC",62.5536,-151.1495,1.1,80.50,10,"Central Alaska"
ak,10849573,2,"Wednesday, November 13, 2013 17:39:11 UTC",51.4197,-178.7657,2.1,10.20, 8,"Andreanof Islands, Aleutian Islands, Alaska"
nc,72106876,8,"Wednesday, November 13, 2013 17:30:30 UTC",37.7863,-121.9658,3.3,10.30,219,"San Francisco Bay area, California"
ak,10844836,2,"Wednesday, November 13, 2013 17:28:45 UTC",60.8857,-149.6820,1.4,33.80,22,"Kenai Peninsula, Alaska"
ci,11391266,5,"Wednesday, November 13, 2013 17:28:01 UTC",33.3132,-116.3890,1.2,8.80,37,"Southern California"
uu,60044557,2,"Wednesday, November 13, 2013 17:19:41 UTC",41.5998,-111.6797,1.1,10.30,18,"Utah"
mb,29534,1,"Wednesday, November 13, 2013 17:16:44 UTC",46.3895,-111.4160,2.0,0.10,13,"western Montana"
ak,10849571,2,"Wednesday, November 13, 2013 17:16:31 UTC",61.5348,-151.1408,1.1,72.40,17,"Southern Alaska"
ci,11391258,4,"Wednesday, November 13, 2013 17:11:24 UTC",32.9172,-116.2533,1.0,7.90,18,"Southern California"
ak,10844823,2,"Wednesday, November 13, 2013 17:10:39 UTC",60.4329,-147.7118,2.1,14.70,38,"Southern Alaska"
ak,10844821,2,"Wednesday, November 13, 2013 17:04:47 UTC",58.0268,-153.2578,2.4,43.40,45,"Kodiak Island region, Alaska"
ak,10849568,2,"Wednesday, November 13, 2013 16:36:20 UTC",63.1135,-150.9773,1.3,124.60,14,"Central Alaska"
nc,72106871,0,"Wednesday, November 13, 2013 16:33:19 UTC",38.7467,-122.7000,1.1,1.60,11,"Northern California"
ci,11391250,5,"Wednesday, November 13, 2013 16:29:45 UTC",34.0097,-117.1843,1.1,14.00,35,"Greater Los Angeles area, California"
ak,10849567,2,"Wednesday, November 13, 2013 16:26:19 UTC",51.3901,-178.8982,2.2,7.20, 8,"Andreanof Islands, Aleutian Islands, Alaska"
ak,10849566,2,"Wednesday, November 13, 2013 16:05:59 UTC",51.4213,-178.7415,2.4,5.10,10,"Andreanof Islands, Aleutian Islands, Alaska"
ci,11391242,6,"Wednesday, November 13, 2013 16:02:38 UTC",32.8795,-116.2430,1.2,4.80,31,"Southern California"
ak,10844752,2,"Wednesday, November 13, 2013 16:02:23 UTC",60.3128,-152.0432,1.6,79.50,32,"Southern Alaska"
uu,60044532,2,"Wednesday, November 13, 2013 16:01:47 UTC",38.9608,-111.3968,1.0,1.40, 7,"Utah"
ak,10849564,2,"Wednesday, November 13, 2013 15:46:10 UTC",59.5964,-153.5417,1.8,122.00,31,"Southern Alaska"
ak,10844740,2,"Wednesday, November 13, 2013 15:23:27 UTC",59.7910,-152.7537,2.6,89.40,93,"Southern Alaska"
ci,11391234,2,"Wednesday, November 13, 2013 15:13:35 UTC",35.8852,-118.3568,1.0,5.60,14,"Central California"
ak,10844689,2,"Wednesday, November 13, 2013 15:06:37 UTC",51.4358,-178.8397,4.0,4.80,18,"Andreanof Islands, Aleutian Islands, Alaska"
uu,60044517,2,"Wednesday, November 13, 2013 15:04:37 UTC",38.9572,-111.4033,1.3,2.60, 9,"Utah"
ak,10844687,3,"Wednesday, November 13, 2013 15:03:32 UTC",61.1408,-148.0413,1.0,0.00,10,"Southern Alaska"
ak,10844682,3,"Wednesday, November 13, 2013 14:54:02 UTC",63.3205,-144.9921,1.5,5.70,26,"Central Alaska"
ak,10844677,2,"Wednesday, November 13, 2013 14:44:13 UTC",63.0906,-151.5167,1.5,5.40,21,"Central Alaska"
ci,11391218,5,"Wednesday, November 13, 2013 14:32:26 UTC",34.1768,-117.3450,1.2,9.90,40,"Greater Los Angeles area, California"
ak,10844671,2,"Wednesday, November 13, 2013 14:16:21 UTC",60.5717,-151.9695,1.6,79.20,33,"Kenai Peninsula, Alaska"
nc,72106806,0,"Wednesday, November 13, 2013 14:11:11 UTC",38.8268,-122.7798,1.3,1.80,16,"Northern California"
ak,10844670,2,"Wednesday, November 13, 2013 14:08:55 UTC",51.4870,-176.2284,2.7,40.90,14,"Andreanof Islands, Aleutian Islands, Alaska"
ak,10844661,2,"Wednesday, November 13, 2013 14:04:06 UTC",63.0227,-150.9543,2.3,111.50,59,"Central Alaska"
ak,10844657,2,"Wednesday, November 13, 2013 13:54:40 UTC",62.2303,-145.7065,1.5,19.80,18,"Central Alaska"
uu,60044512,2,"Wednesday, November 13, 2013 13:38:40 UTC",41.5945,-111.6910,1.6,9.90,26,"Utah"
ak,10844652,2,"Wednesday, November 13, 2013 13:37:33 UTC",63.2752,-151.1813,1.1,9.90,20,"Central Alaska"
ak,10849552,2,"Wednesday, November 13, 2013 13:30:17 UTC",60.3935,-153.3503,1.8,150.20,22,"Southern Alaska"
ak,10844651,2,"Wednesday, November 13, 2013 13:25:03 UTC",51.4381,-178.8424,2.6,10.40,13,"Andreanof Islands, Aleutian Islands, Alaska"
ak,10849549,2,"Wednesday, November 13, 2013 13:06:51 UTC",51.3806,-178.7621,2.4,5.00, 9,"Andreanof Islands, Aleutian Islands, Alaska"
ak,10844596,2,"Wednesday, November 13, 2013 12:32:40 UTC",59.8045,-152.3057,1.7,87.20,33,"Southern Alaska"
ak,10844595,2,"Wednesday, November 13, 2013 12:17:57 UTC",51.4175,-178.7873,2.8,5.00,13,"Andreanof Islands, Aleutian Islands, Alaska"
ak,10849544,2,"Wednesday, November 13, 2013 12:16:59 UTC",51.4116,-178.6987,2.1,10.40,11,"Andreanof Islands, Aleutian Islands, Alaska"
pr,13317000,0,"Wednesday, November 13, 2013 12:09:38 UTC",19.0042,-64.9001,3.2,67.00,10,"Virgin Islands region"
nc,72106771,0,"Wednesday, November 13, 2013 11:58:58 UTC",38.8243,-122.8023,1.0,0.00,14,"Northern California"
ak,10849543,2,"Wednesday, November 13, 2013 11:57:29 UTC",61.9402,-151.4922,1.4,73.70,27,"Southern Alaska"
ak,10849542,2,"Wednesday, November 13, 2013 11:47:46 UTC",51.3464,-179.0542,2.3,17.80, 6,"Andreanof Islands, Aleutian Islands, Alaska"
ak,10844548,2,"Wednesday, November 13, 2013 11:37:41 UTC",63.2667,-151.2403,1.1,9.60,20,"Central Alaska"
ak,10844542,2,"Wednesday, November 13, 2013 11:19:21 UTC",61.3828,-151.7724,1.6,82.60,42,"Southern Alaska"
hv,60591131,1,"Wednesday, November 13, 2013 11:13:51 UTC",19.2230,-155.3372,1.9,39.00,50,"Island of Hawaii, Hawaii"
ak,10844539,3,"Wednesday, November 13, 2013 11:08:55 UTC",51.4108,-178.8208,3.5,11.10,16,"Andreanof Islands, Aleutian Islands, Alaska"
ak,10849537,2,"Wednesday, November 13, 2013 11:00:29 UTC",51.4760,-178.6890,2.3,0.00,10,"Andreanof Islands, Aleutian Islands, Alaska"
ak,10844536,2,"Wednesday, November 13, 2013 10:51:44 UTC",51.4185,-178.7787,2.3,17.70,10,"Andreanof Islands, Aleutian Islands, Alaska"
ci,11391122,5,"Wednesday, November 13, 2013 10:48:39 UTC",33.1713,-115.6193,1.4,1.00,45,"Southern California"
ak,10849535,2,"Wednesday, November 13, 2013 10:43:23 UTC",61.0284,-151.2768,1.2,73.10,23,"Southern Alaska"
ci,11391114,4,"Wednesday, November 13, 2013 10:34:42 UTC",32.6813,-115.8532,1.1,8.40,17,"Southern California"
ci,11391090,4,"Wednesday, November 13, 2013 09:54:33 UTC",34.0115,-116.8205,1.0,14.20,41,"Southern California"
ci,11391074,3,"Wednesday, November 13, 2013 09:43:13 UTC",33.6217,-116.6758,1.4,15.50,37,"Southern California"
ak,10849533,2,"Wednesday, November 13, 2013 09:42:03 UTC",51.3902,-178.8757,2.1,13.70, 6,"Andreanof Islands, Aleutian Islands, Alaska"
ak,10844479,2,"Wednesday, November 13, 2013 09:37:36 UTC",61.4871,-151.3465,1.5,67.70,37,"Southern Alaska"
nn,00429037,1,"Wednesday, November 13, 2013 09:36:45 UTC",38.4347,-119.1427,1.2,0.00, 5,"Nevada"
hv,60591111,1,"Wednesday, November 13, 2013 09:28:06 UTC",19.2230,-155.3317,2.1,41.80,69,"Island of Hawaii, Hawaii"
nc,72106736,1,"Wednesday, November 13, 2013 09:07:02 UTC",38.8233,-122.8068,1.6,3.10,35,"Northern California"
ak,10844436,2,"Wednesday, November 13, 2013 09:03:09 UTC",59.8876,-152.2084,2.1,65.80,42,"Southern Alaska"
ak,10844429,2,"Wednesday, November 13, 2013 08:58:38 UTC",60.4953,-153.1265,2.4,168.60,69,"Southern Alaska"
ci,11391042,4,"Wednesday, November 13, 2013 08:58:09 UTC",33.1682,-115.6195,1.2,0.10,26,"Southern California"
ak,10844426,2,"Wednesday, November 13, 2013 08:57:49 UTC",62.1847,-152.2454,1.6,119.40,26,"Central Alaska"
ci,11391034,4,"Wednesday, November 13, 2013 08:50:08 UTC",35.3090,-118.5762,1.5,4.90,32,"Central California"
ak,10844404,2,"Wednesday, November 13, 2013 08:47:24 UTC",62.9885,-150.3970,2.8,98.50,96,"Central Alaska"
nc,72106721,0,"Wednesday, November 13, 2013 08:46:45 UTC",36.7153,-121.3177,1.4,17.10,17,"Central California"
ci,11391026,7,"Wednesday, November 13, 2013 08:42:24 UTC",34.1830,-117.3458,1.0,9.80,36,"Greater Los Angeles area, California"
ak,10844398,2,"Wednesday, November 13, 2013 08:41:39 UTC",63.4236,-149.6654,1.4,97.80,34,"Central Alaska"
ak,10844394,3,"Wednesday, November 13, 2013 08:37:43 UTC",51.3113,-179.2229,3.7,25.30,18,"Andreanof Islands, Aleutian Islands, Alaska"
ak,10844393,2,"Wednesday, November 13, 2013 08:37:13 UTC",60.1892,-153.0786,2.0,136.50,43,"Southern Alaska"
ak,10844391,2,"Wednesday, November 13, 2013 08:34:53 UTC",58.8016,-139.9678,2.0,1.50,18,"off the coast of Southeastern Alaska"
ak,10844377,3,"Wednesday, November 13, 2013 08:25:19 UTC",60.9292,-152.2706,3.0,103.60,96,"Southern Alaska"
ak,10844380,3,"Wednesday, November 13, 2013 08:25:04 UTC",60.1758,-141.1779,1.5,0.00,11,"Southern Alaska"
nc,72106711,1,"Wednesday, November 13, 2013 08:21:10 UTC",36.6035,-121.1543,2.1,6.70,28,"Central California"
ak,10844368,2,"Wednesday, November 13, 2013 08:19:13 UTC",59.7107,-153.0202,2.6,100.00,82,"Southern Alaska"
ak,10844367,2,"Wednesday, November 13, 2013 08:13:57 UTC",51.4079,-178.7510,2.4,19.90,14,"Andreanof Islands, Aleutian Islands, Alaska"
uu,60044492,2,"Wednesday, November 13, 2013 08:11:19 UTC",38.9473,-111.4110,1.3,8.40, 7,"Utah"
nn,00429036,1,"Wednesday, November 13, 2013 08:01:05 UTC",38.2419,-115.8891,1.4,4.10, 7,"Nevada"
ci,11391010,4,"Wednesday, November 13, 2013 07:52:01 UTC",36.0485,-117.4823,1.7,4.30,26,"Central California"
ak,10844359,3,"Wednesday, November 13, 2013 07:50:00 UTC",51.3841,-178.8708,2.5,6.80,13,"Andreanof Islands, Aleutian Islands, Alaska"
ak,10844356,2,"Wednesday, November 13, 2013 07:47:10 UTC",60.9334,-147.0911,1.5,17.30,24,"Southern Alaska"
nn,00429033,1,"Wednesday, November 13, 2013 07:42:26 UTC",37.0634,-116.0855,1.1,5.20,19,"Nevada"
nn,00429275,1,"Wednesday, November 13, 2013 07:42:19 UTC",38.1226,-118.3789,1.1,9.60, 6,"Nevada"
ak,10844317,2,"Wednesday, November 13, 2013 07:41:21 UTC",63.1171,-150.8145,1.4,120.00,21,"Central Alaska"
ak,10849515,2,"Wednesday, November 13, 2013 07:34:17 UTC",64.6866,-171.0746,3.3,11.00,10,"near the south coast of Chukotskiy Avtonomnyy Okrug, Russia"
nc,72106691,0,"Wednesday, November 13, 2013 07:29:52 UTC",37.2013,-121.4842,1.3,4.10,17,"Northern California"
ak,10844313,2,"Wednesday, November 13, 2013 07:29:01 UTC",51.3934,-178.7242,2.4,17.10,13,"Andreanof Islands, Aleutian Islands, Alaska"
nc,72106686,0,"Wednesday, November 13, 2013 07:17:00 UTC",38.8202,-122.7652,1.2,2.30,21,"Northern California"
ak,10849512,2,"Wednesday, November 13, 2013 07:12:42 UTC",51.3703,-178.7074,2.1,14.10, 7,"Andreanof Islands, Aleutian Islands, Alaska"
ci,11391002,4,"Wednesday, November 13, 2013 07:05:07 UTC",36.1565,-118.0653,1.2,3.40,17,"Central California"
ak,10849511,2,"Wednesday, November 13, 2013 07:04:22 UTC",51.4075,-178.6993,2.4,5.30, 7,"Andreanof Islands, Aleutian Islands, Alaska"
nc,72106681,0,"Wednesday, November 13, 2013 07:01:56 UTC",38.8212,-122.7643,1.0,2.30,19,"Northern California"
ak,10844307,2,"Wednesday, November 13, 2013 06:48:37 UTC",51.3841,-178.7665,2.9,13.40,16,"Andreanof Islands, Aleutian Islands, Alaska"
ak,10844304,2,"Wednesday, November 13, 2013 06:40:34 UTC",62.3637,-151.2264,1.4,80.10,28,"Central Alaska"
ak,10844281,2,"Wednesday, November 13, 2013 06:27:45 UTC",51.4060,-178.7373,2.1,6.90,13,"Andreanof Islands, Aleutian Islands, Alaska"
ak,10844280,4,"Wednesday, November 13, 2013 06:27:13 UTC",66.4893,-141.8431,3.5,5.20,59,"northern Alaska"
ak,10849506,2,"Wednesday, November 13, 2013 06:20:31 UTC",51.3938,-178.7820,2.2,6.90, 7,"Andreanof Islands, Aleutian Islands, Alaska"
nn,00429031,1,"Wednesday, November 13, 2013 06:17:16 UTC",39.7295,-119.5848,1.2,12.80,22,"Nevada"
ak,10844273,2,"Wednesday, November 13, 2013 06:03:27 UTC",62.9003,-151.2797,1.8,110.70,32,"Central Alaska"
nc,72106661,1,"Wednesday, November 13, 2013 05:57:47 UTC",36.5387,-121.1258,2.0,3.20,23,"Central California"
ak,10844256,3,"Wednesday, November 13, 2013 05:50:55 UTC",51.4373,-178.7736,3.3,5.80,17,"Andreanof Islands, Aleutian Islands, Alaska"
ak,10844254,2,"Wednesday, November 13, 2013 05:49:58 UTC",62.5438,-149.0001,1.3,59.60,24,"Central Alaska"
ak,10849502,2,"Wednesday, November 13, 2013 05:43:29 UTC",51.4351,-178.7258,2.0,5.30, 8,"Andreanof Islands, Aleutian Islands, Alaska"
hv,60591071,1,"Wednesday, November 13, 2013 05:37:20 UTC",19.4018,-155.2813,1.7,1.50,36,"Island of Hawaii, Hawaii"
ak,10844244,2,"Wednesday, November 13, 2013 05:30:40 UTC",51.3975,-178.7832,3.7,14.50,20,"Andreanof Islands, Aleutian Islands, Alaska"
nc,72106646,2,"Wednesday, November 13, 2013 05:29:49 UTC",37.3727,-118.7787,1.1,15.30,22,"Central California"
ak,10844243,2,"Wednesday, November 13, 2013 05:23:31 UTC",51.3965,-178.7487,2.2,19.50,11,"Andreanof Islands, Aleutian Islands, Alaska"
ak,10849498,2,"Wednesday, November 13, 2013 05:21:53 UTC",63.4698,-150.1178,1.3,133.30,20,"Central Alaska"
hv,60591061,2,"Wednesday, November 13, 2013 05:14:27 UTC",19.4050,-155.2820,2.0,1.50,32,"Island of Hawaii, Hawaii"
ak,10849497,2,"Wednesday, November 13, 2013 05:09:20 UTC",60.0639,-152.8482,1.3,102.90,13,"Southern Alaska"
nc,72106626,0,"Wednesday, November 13, 2013 05:08:43 UTC",36.2795,-120.3522,2.1,16.20, 4,"Central California"
ak,10849496,2,"Wednesday, November 13, 2013 04:58:37 UTC",51.3877,-178.9852,2.1,12.60, 7,"Andreanof Islands, Aleutian Islands, Alaska"
ak,10849495,2,"Wednesday, November 13, 2013 04:55:22 UTC",51.4032,-178.6651,2.0,6.20, 7,"Andreanof Islands, Aleutian Islands, Alaska"
ak,10844218,2,"Wednesday, November 13, 2013 04:52:40 UTC",51.4341,-178.7224,2.7,3.60,14,"Andreanof Islands, Aleutian Islands, Alaska"
ak,10844219,2,"Wednesday, November 13, 2013 04:51:42 UTC",51.3938,-178.6212,2.2,4.40,10,"Andreanof Islands, Aleutian Islands, Alaska"
ak,10844215,2,"Wednesday, November 13, 2013 04:51:06 UTC",63.2299,-149.3452,1.4,84.00,28,"Central Alaska"
ak,10844213,2,"Wednesday, November 13, 2013 04:49:39 UTC",51.4285,-178.6829,2.6,5.30,13,"Andreanof Islands, Aleutian Islands, Alaska"
ak,10844206,2,"Wednesday, November 13, 2013 04:36:07 UTC",51.4452,-178.7237,2.5,5.90,14,"Andreanof Islands, Aleutian Islands, Alaska"
ak,10844205,3,"Wednesday, November 13, 2013 04:32:24 UTC",51.4395,-178.8978,3.0,15.10,16,"Andreanof Islands, Aleutian Islands, Alaska"
ak,10844199,3,"Wednesday, November 13, 2013 04:29:57 UTC",51.4224,-178.9183,3.7,12.00,17,"Andreanof Islands, Aleutian Islands, Alaska"
ak,10849487,2,"Wednesday, November 13, 2013 04:26:46 UTC",51.4126,-178.6961,2.0,10.60, 8,"Andreanof Islands, Aleutian Islands, Alaska"
ak,10849486,2,"Wednesday, November 13, 2013 04:16:55 UTC",51.4103,-178.7815,2.1,10.00, 8,"Andreanof Islands, Aleutian Islands, Alaska"
ak,10849485,2,"Wednesday, November 13, 2013 04:10:21 UTC",51.4061,-178.7817,2.4,10.40, 7,"Andreanof Islands, Aleutian Islands, Alaska"
ak,10844188,2,"Wednesday, November 13, 2013 04:09:14 UTC",51.4296,-178.8357,2.4,26.40,11,"Andreanof Islands, Aleutian Islands, Alaska"
ak,10849483,2,"Wednesday, November 13, 2013 04:07:47 UTC",51.4254,-178.7689,2.4,8.50,12,"Andreanof Islands, Aleutian Islands, Alaska"
ak,10844176,2,"Wednesday, November 13, 2013 04:05:33 UTC",51.4312,-178.7605,2.4,10.70, 8,"Andreanof Islands, Aleutian Islands, Alaska"
nc,72106596,0,"Wednesday, November 13, 2013 04:02:04 UTC",37.7803,-121.9590,1.4,10.30, 9,"San Francisco Bay area, California"
ci,11390970,4,"Wednesday, November 13, 2013 04:01:33 UTC",35.3072,-118.5755,1.2,7.00,18,"Central California"
ak,10849481,2,"Wednesday, November 13, 2013 04:00:31 UTC",51.4490,-178.9508,3.8,23.60, 9,"Andreanof Islands, Aleutian Islands, Alaska"
hv,60591036,1,"Wednesday, November 13, 2013 03:59:42 UTC",19.1193,-155.6875,1.7,1.60,51,"Island of Hawaii, Hawaii"
ak,10844151,4,"Wednesday, November 13, 2013 03:57:41 UTC",51.3930,-178.7304,6.0,5.00,54,"Andreanof Islands, Aleutian Islands, Alaska"
ak,10844149,2,"Wednesday, November 13, 2013 03:47:45 UTC",62.6901,-148.9487,1.0,61.00,18,"Central Alaska"
nn,00429026,1,"Wednesday, November 13, 2013 03:20:05 UTC",37.9037,-118.3187,2.0,8.20,14,"Nevada"
ci,11390954,4,"Wednesday, November 13, 2013 03:16:29 UTC",36.1497,-118.0722,1.2,1.30,17,"Central California"
ak,10844140,3,"Wednesday, November 13, 2013 02:51:55 UTC",62.4238,-152.1795,1.2,13.90,29,"Central Alaska"
uu,60044472,2,"Wednesday, November 13, 2013 02:41:17 UTC",41.6407,-112.3062,1.1,7.30,19,"Utah"
ak,10844137,2,"Wednesday, November 13, 2013 02:38:03 UTC",61.6348,-146.9990,1.3,34.60,24,"Southern Alaska"
ak,10844135,4,"Wednesday, November 13, 2013 02:29:53 UTC",58.0182,-148.6571,2.6,6.60,49,"Gulf of Alaska"
ak,10849474,2,"Wednesday, November 13, 2013 02:08:42 UTC",59.9771,-151.5461,1.3,75.70,20,"Kenai Peninsula, Alaska"
ak,10849473,3,"Wednesday, November 13, 2013 02:01:52 UTC",62.2643,-150.0832,1.0,10.00,23,"Central Alaska"
ak,10844134,3,"Wednesday, November 13, 2013 01:46:23 UTC",61.0758,-148.3498,1.4,0.00,11,"Southern Alaska"
ci,11390946,5,"Wednesday, November 13, 2013 01:40:45 UTC",36.0145,-117.5412,1.6,2.80,30,"Central California"
ak,10844133,2,"Wednesday, November 13, 2013 01:39:29 UTC",63.3422,-145.4322,1.2,9.10,19,"Central Alaska"
ak,10844128,2,"Wednesday, November 13, 2013 01:32:15 UTC",61.2240,-150.4795,1.7,60.30,40,"Southern Alaska"
uw,60628541,2,"Wednesday, November 13, 2013 01:28:47 UTC",47.8733,-121.6538,1.1,11.80,13,"Washington"
ak,10844111,2,"Wednesday, November 13, 2013 01:28:22 UTC",62.3734,-151.6658,1.7,92.20,28,"Central Alaska"
ak,10844080,2,"Wednesday, November 13, 2013 00:53:31 UTC",64.7447,-150.5474,1.4,15.20,15,"Central Alaska"
ak,10844074,3,"Wednesday, November 13, 2013 00:45:29 UTC",56.6564,-156.9377,2.3,65.70,21,"Alaska Peninsula"
nc,72106556,1,"Wednesday, November 13, 2013 00:24:39 UTC",37.7858,-121.9603,2.1,10.20,40,"San Francisco Bay area, California"
ci,11390938,2,"Wednesday, November 13, 2013 00:16:45 UTC",35.0488,-117.6708,1.2,0.00,14,"Southern California"
ak,10844046,2,"Wednesday, November 13, 2013 00:14:23 UTC",59.8746,-151.0053,1.3,58.90,12,"Kenai Peninsula, Alaska"
nc,72106541,0,"Tuesday, November 12, 2013 23:53:18 UTC",37.6573,-122.4942,1.4,10.90,13,"offshore Northern California"
ak,10845139,2,"Tuesday, November 12, 2013 23:47:14 UTC",60.9930,-150.8526,1.3,53.10,17,"Kenai Peninsula, Alaska"
nc,72106531,1,"Tuesday, November 12, 2013 23:40:30 UTC",37.6570,-122.4973,2.8,10.60,62,"offshore Northern California"
nc,72106526,1,"Tuesday, November 12, 2013 23:39:40 UTC",37.6582,-122.4957,2.1,10.20,34,"offshore Northern California"
nc,72106521,1,"Tuesday, November 12, 2013 23:37:24 UTC",37.7752,-121.9433,2.4,7.30,22,"San Francisco Bay area, California"
nc,72106516,5,"Tuesday, November 12, 2013 23:35:50 UTC",37.7743,-121.9452,3.0,5.90,113,"San Francisco Bay area, California"
ak,10845138,2,"Tuesday, November 12, 2013 23:31:00 UTC",63.6554,-149.6336,1.2,125.60,16,"Central Alaska"
nn,00429011,1,"Tuesday, November 12, 2013 23:25:18 UTC",40.8643,-118.5840,1.9,11.30, 5,"Nevada"
ci,11390930,4,"Tuesday, November 12, 2013 22:41:08 UTC",33.8422,-117.4925,1.4,0.00,36,"Greater Los Angeles area, California"
ak,10845137,2,"Tuesday, November 12, 2013 22:25:23 UTC",59.6804,-153.3044,1.7,107.60,16,"Southern Alaska"
ak,10843841,2,"Tuesday, November 12, 2013 22:14:39 UTC",63.0835,-150.9204,1.3,128.80,24,"Central Alaska"
ak,10845135,2,"Tuesday, November 12, 2013 21:56:25 UTC",59.8685,-151.6270,1.2,19.10,18,"Kenai Peninsula, Alaska"
nc,72106456,1,"Tuesday, November 12, 2013 21:51:47 UTC",38.8235,-122.8528,1.1,2.80,26,"Northern California"
ak,10845134,2,"Tuesday, November 12, 2013 21:49:29 UTC",53.5464,-165.6589,1.8,6.50,10,"Fox Islands, Aleutian Islands, Alaska"
ak,10843822,2,"Tuesday, November 12, 2013 21:22:04 UTC",62.3078,-150.5647,1.5,59.80,39,"Central Alaska"
uu,60044447,4,"Tuesday, November 12, 2013 21:14:54 UTC",39.2072,-111.8878,2.6,1.40,28,"Utah"
hv,60590801,1,"Tuesday, November 12, 2013 21:07:32 UTC",19.2238,-155.3297,1.8,41.50,48,"Island of Hawaii, Hawaii"
nc,72106416,0,"Tuesday, November 12, 2013 20:57:48 UTC",37.5048,-122.4102,1.8,1.40,13,"San Francisco Bay area, California"
nc,72106411,0,"Tuesday, November 12, 2013 20:56:06 UTC",38.7487,-122.6905,1.0,2.10, 7,"Northern California"
ak,10843800,2,"Tuesday, November 12, 2013 20:53:47 UTC",63.8490,-149.0657,1.1,6.20,31,"Central Alaska"
ak,10843795,2,"Tuesday, November 12, 2013 20:50:15 UTC",62.1060,-148.0857,1.3,32.70,32,"Central Alaska"
ci,11390898,5,"Tuesday, November 12, 2013 20:49:40 UTC",34.0978,-116.7348,1.9,7.80,64,"Southern California"
ak,10843790,2,"Tuesday, November 12, 2013 20:38:17 UTC",61.6916,-148.1857,1.1,15.00,24,"Southern Alaska"
nc,72106391,1,"Tuesday, November 12, 2013 20:30:55 UTC",38.8248,-122.7998,1.5,3.80,38,"Northern California"
ak,10845128,2,"Tuesday, November 12, 2013 20:25:57 UTC",63.0297,-151.0266,1.3,119.40,15,"Central Alaska"
ak,10843782,2,"Tuesday, November 12, 2013 20:20:41 UTC",61.6032,-151.0308,1.5,65.40,37,"Southern Alaska"
hv,60590756,1,"Tuesday, November 12, 2013 19:53:45 UTC",19.2110,-155.3368,1.9,41.80,40,"Island of Hawaii, Hawaii"
ci,11390882,2,"Tuesday, November 12, 2013 19:51:58 UTC",35.0507,-118.3578,1.5,0.00,13,"Southern California"
ak,10845126,2,"Tuesday, November 12, 2013 19:43:01 UTC",61.4341,-147.5263,1.4,16.40,19,"Southern Alaska"
ak,10843762,2,"Tuesday, November 12, 2013 19:42:24 UTC",59.9478,-151.2557,1.3,57.40,22,"Kenai Peninsula, Alaska"
ak,10843760,2,"Tuesday, November 12, 2013 19:42:12 UTC",51.7022,-177.5636,2.1,63.70,17,"Andreanof Islands, Aleutian Islands, Alaska"
ak,10845123,3,"Tuesday, November 12, 2013 19:34:40 UTC",57.6601,-155.1365,1.6,59.70,15,"Alaska Peninsula"
nc,72106356,0,"Tuesday, November 12, 2013 19:05:57 UTC",37.3237,-122.1082,1.9,0.20,10,"San Francisco Bay area, California"
ak,10843708,3,"Tuesday, November 12, 2013 18:58:51 UTC",61.0276,-151.3230,1.6,69.50,41,"Southern Alaska"
nc,72106351,1,"Tuesday, November 12, 2013 18:55:07 UTC",38.8145,-122.8280,1.1,3.00,24,"Northern California"
ak,10845121,2,"Tuesday, November 12, 2013 18:51:14 UTC",63.1551,-150.3959,1.2,100.70,21,"Central Alaska"
ci,11390866,4,"Tuesday, November 12, 2013 18:49:15 UTC",33.0792,-115.5845,1.2,7.80,22,"Southern California"
nc,72106346,1,"Tuesday, November 12, 2013 18:37:14 UTC",38.7903,-122.7620,1.4,2.40,25,"Northern California"
ak,10845120,3,"Tuesday, November 12, 2013 18:37:06 UTC",57.7425,-155.0128,1.9,75.20,20,"Alaska Peninsula"
ak,10843612,4,"Tuesday, November 12, 2013 18:16:48 UTC",63.0663,-150.9077,4.7,131.40,149,"Central Alaska"
ak,10845118,2,"Tuesday, November 12, 2013 18:00:49 UTC",63.5984,-149.8575,1.2,122.50,13,"Central Alaska"
nc,72106316,1,"Tuesday, November 12, 2013 17:53:31 UTC",38.8175,-122.7990,1.6,3.00,33,"Northern California"
nc,72106296,0,"Tuesday, November 12, 2013 17:31:14 UTC",38.8352,-122.8088,1.0,3.00,18,"Northern California"
nc,72106276,1,"Tuesday, November 12, 2013 17:03:01 UTC",38.8093,-122.8263,1.5,2.60,28,"Northern California"
nc,72106271,1,"Tuesday, November 12, 2013 16:55:11 UTC",38.8160,-122.7983,2.3,3.10,47,"Northern California"
pr,13316003,0,"Tuesday, November 12, 2013 16:38:15 UTC",17.9130,-66.9360,1.6,12.00, 4,"Puerto Rico region"
ci,11390850,5,"Tuesday, November 12, 2013 16:33:19 UTC",33.8630,-116.8250,1.2,14.90,38,"Southern California"
nc,72106261,0,"Tuesday, November 12, 2013 16:22:59 UTC",38.8082,-122.8258,1.0,2.30,16,"Northern California"
ak,10843574,2,"Tuesday, November 12, 2013 16:17:14 UTC",63.4345,-146.4945,1.1,18.70,18,"Central Alaska"
nn,00428960,1,"Tuesday, November 12, 2013 16:15:35 UTC",37.1990,-114.7702,1.6,15.20, 4,"Nevada"
ak,10845115,2,"Tuesday, November 12, 2013 15:19:44 UTC",54.2113,-164.8395,1.9,77.40, 8,"Unimak Island region, Alaska"
nc,72106246,3,"Tuesday, November 12, 2013 15:17:23 UTC",37.7855,-122.3102,2.3,7.40,145,"San Francisco Bay area, California"
ak,10845114,2,"Tuesday, November 12, 2013 15:04:47 UTC",52.6909,-168.4594,1.9,20.80, 7,"Fox Islands, Aleutian Islands, Alaska"
ak,10845113,2,"Tuesday, November 12, 2013 15:00:47 UTC",63.3350,-150.3670,1.3,123.70,19,"Central Alaska"
ak,10843555,3,"Tuesday, November 12, 2013 14:47:17 UTC",59.8043,-154.1467,2.3,180.50,41,"Southern Alaska"
ak,10843550,2,"Tuesday, November 12, 2013 14:31:14 UTC",64.8140,-148.7880,1.5,18.20,24,"Central Alaska"
ak,10843548,2,"Tuesday, November 12, 2013 14:13:29 UTC",51.4806,-175.3316,2.6,38.60,12,"Andreanof Islands, Aleutian Islands, Alaska"
nc,72106211,2,"Tuesday, November 12, 2013 14:05:28 UTC",37.6267,-119.0287,1.5,5.30,20,"Long Valley area, California"
ci,11390810,8,"Tuesday, November 12, 2013 14:00:27 UTC",33.2250,-116.0048,2.0,2.70,67,"Southern California"
nc,72106201,1,"Tuesday, November 12, 2013 13:59:36 UTC",37.6405,-122.4985,1.9,8.50,29,"offshore Northern California"
ak,10845108,2,"Tuesday, November 12, 2013 13:45:09 UTC",53.3640,-163.5296,2.4,25.60,11,"Unimak Island region, Alaska"
ak,10845107,3,"Tuesday, November 12, 2013 13:33:32 UTC",69.4877,-144.6557,2.3,13.60,17,"northern Alaska"
ak,10843538,2,"Tuesday, November 12, 2013 13:22:34 UTC",62.2096,-152.3022,1.9,124.00,46,"Central Alaska"
hv,60590596,2,"Tuesday, November 12, 2013 13:19:13 UTC",19.4132,-155.2708,1.8,3.80,22,"Island of Hawaii, Hawaii"
uw,60628081,1,"Tuesday, November 12, 2013 13:10:20 UTC",45.8547,-120.1978,1.1,15.80,11,"Washington"
ak,10843536,3,"Tuesday, November 12, 2013 13:02:12 UTC",63.5941,-149.9304,1.3,131.60,18,"Central Alaska"
mb,13548684,2,"Tuesday, November 12, 2013 12:54:50 UTC",45.7088,-111.5160,2.0,8.30,32,"western Montana"
nc,72106156,0,"Tuesday, November 12, 2013 12:33:28 UTC",38.7958,-122.7657,1.3,2.00,20,"Northern California"
ak,10843529,2,"Tuesday, November 12, 2013 12:29:05 UTC",61.1335,-151.0742,1.4,64.10,36,"Southern Alaska"
ci,11390794,5,"Tuesday, November 12, 2013 12:24:15 UTC",34.2155,-117.4293,2.2,13.70,92,"Greater Los Angeles area, California"
ak,10843524,2,"Tuesday, November 12, 2013 12:22:33 UTC",63.9469,-148.7507,1.4,109.90,35,"Central Alaska"
ak,10845102,2,"Tuesday, November 12, 2013 12:15:36 UTC",61.4451,-150.9894,1.3,64.80,18,"Southern Alaska"
ak,10843518,2,"Tuesday, November 12, 2013 12:09:07 UTC",64.4249,-149.6941,1.0,18.60,25,"Central Alaska"
ci,11390786,4,"Tuesday, November 12, 2013 12:02:54 UTC",32.7557,-115.8727,1.9,7.80,35,"Southern California"
ak,10843513,2,"Tuesday, November 12, 2013 11:47:03 UTC",59.7352,-136.1222,2.2,0.40,12,"Southeastern Alaska"
ak,10843498,2,"Tuesday, November 12, 2013 10:35:55 UTC",54.6179,-161.4078,3.7,13.70,33,"Alaska Peninsula"
nc,72106116,0,"Tuesday, November 12, 2013 10:29:11 UTC",38.7530,-122.7210,1.4,2.40,17,"Northern California"
ak,10843483,2,"Tuesday, November 12, 2013 10:26:31 UTC",59.8077,-153.0849,2.6,102.50,94,"Southern Alaska"
ci,11390762,4,"Tuesday, November 12, 2013 10:25:39 UTC",33.2900,-116.2747,1.1,9.10,35,"Southern California"
nn,00428947,1,"Tuesday, November 12, 2013 10:22:20 UTC",37.1778,-117.3857,1.5,0.00,18,"Nevada"
ak,10843475,2,"Tuesday, November 12, 2013 10:17:33 UTC",60.0170,-153.0847,2.2,114.00,74,"Southern Alaska"
ci,11390754,4,"Tuesday, November 12, 2013 10:14:20 UTC",33.7050,-116.8218,1.0,17.90,40,"Southern California"
ak,10843470,2,"Tuesday, November 12, 2013 10:09:37 UTC",65.8445,-146.4590,2.7,300.00,11,"northern Alaska"
nc,72106096,0,"Tuesday, November 12, 2013 09:52:02 UTC",38.7855,-122.7632,1.4,1.40,21,"Northern California"
nc,72106071,1,"Tuesday, November 12, 2013 09:21:55 UTC",38.7683,-122.9158,1.9,5.70,29,"Northern California"
ak,10843460,2,"Tuesday, November 12, 2013 09:19:53 UTC",63.4893,-151.3814,1.4,13.00,27,"Central Alaska"
nc,72106061,0,"Tuesday, November 12, 2013 09:18:56 UTC",38.8375,-122.7833,1.2,2.30,18,"Northern California"
uw,60628021,3,"Tuesday, November 12, 2013 09:16:29 UTC",46.4585,-121.7037,1.1,1.80,35,"Washington"
ak,10845093,2,"Tuesday, November 12, 2013 09:07:57 UTC",61.0564,-152.3529,1.6,114.10,22,"Southern Alaska"
ak,10843454,2,"Tuesday, November 12, 2013 09:00:33 UTC",62.2555,-150.4173,1.9,12.90,53,"Central Alaska"
uu,60044357,6,"Tuesday, November 12, 2013 08:16:27 UTC",44.8378,-110.6963,2.0,6.60,28,"Yellowstone National Park, Wyoming"
ak,10843448,2,"Tuesday, November 12, 2013 08:08:03 UTC",61.9224,-147.6340,1.2,37.90,15,"Southern Alaska"
ak,10843443,2,"Tuesday, November 12, 2013 08:00:08 UTC",52.6746,-168.7842,2.9,53.40,17,"Fox Islands, Aleutian Islands, Alaska"
ak,10843441,2,"Tuesday, November 12, 2013 07:48:42 UTC",62.5396,-150.6688,1.1,7.40,17,"Central Alaska"
nc,72106021,0,"Tuesday, November 12, 2013 07:46:17 UTC",38.7970,-122.7692,1.2,2.20,18,"Northern California"
uw,60627996,2,"Tuesday, November 12, 2013 07:44:56 UTC",45.8945,-120.5603,1.5,14.80,17,"Washington"
nc,72106016,0,"Tuesday, November 12, 2013 07:33:13 UTC",38.7762,-122.9053,1.0,5.30,10,"Northern California"
ak,10843435,2,"Tuesday, November 12, 2013 07:29:09 UTC",63.5863,-150.7350,1.4,9.30,22,"Central Alaska"
ak,10843432,2,"Tuesday, November 12, 2013 07:18:58 UTC",64.8489,-147.6114,1.0,15.40,11,"Central Alaska"
nc,72106006,2,"Tuesday, November 12, 2013 07:13:04 UTC",36.6097,-121.5520,2.4,4.80, 5,"Central California"
ak,10843861,1,"Tuesday, November 12, 2013 07:09:37 UTC",60.5833,-144.1995,2.7,26.60, 6,"Southern Alaska"
ci,11390714,4,"Tuesday, November 12, 2013 07:09:01 UTC",35.3082,-118.5770,1.7,6.80,35,"Central California"
pt,13316000,B,"Tuesday, November 12, 2013 07:03:52 UTC",54.6450,162.3200,6.6,57.00,17,"near the east coast of the Kamchatka Peninsula, Russia"
ci,11390706,5,"Tuesday, November 12, 2013 06:58:04 UTC",33.3565,-116.3642,1.7,13.00,57,"Southern California"
nc,72105981,0,"Tuesday, November 12, 2013 06:57:25 UTC",36.5523,-121.0648,1.7,5.90,17,"Central California"
ci,11390698,4,"Tuesday, November 12, 2013 06:56:48 UTC",35.2832,-118.6168,1.4,7.30,26,"Central California"
ci,11390690,4,"Tuesday, November 12, 2013 06:48:56 UTC",35.9425,-117.7297,1.5,0.00,22,"Central California"
mb,13154071,2,"Tuesday, November 12, 2013 06:42:22 UTC",45.1960,-112.7995,1.4,12.60,13,"western Montana"
ak,10845085,2,"Tuesday, November 12, 2013 06:38:16 UTC",52.5439,-164.1607,2.6,26.40, 9,"south of Alaska"
ak,10843402,3,"Tuesday, November 12, 2013 06:06:36 UTC",59.4755,-151.6194,2.2,52.10,60,"Kenai Peninsula, Alaska"
ak,10845083,2,"Tuesday, November 12, 2013 06:01:28 UTC",59.8970,-152.4937,1.9,96.50,32,"Southern Alaska"
ci,11390674,4,"Tuesday, November 12, 2013 05:38:48 UTC",32.8060,-115.5613,1.2,12.90,16,"Southern California"
nc,72105921,0,"Tuesday, November 12, 2013 05:32:55 UTC",38.8040,-122.7660,1.4,0.80,20,"Northern California"
nc,72105916,1,"Tuesday, November 12, 2013 05:32:32 UTC",38.8027,-122.7702,2.5,2.00,52,"Northern California"
ak,10843390,2,"Tuesday, November 12, 2013 05:09:41 UTC",62.9244,-151.2041,1.5,103.00,20,"Central Alaska"
ak,10843386,2,"Tuesday, November 12, 2013 05:00:17 UTC",63.3047,-151.1260,1.3,17.50,27,"Central Alaska"
hv,60590486,2,"Tuesday, November 12, 2013 04:49:45 UTC",19.8370,-155.5363,2.6,13.00,70,"Island of Hawaii, Hawaii"
ci,11390658,2,"Tuesday, November 12, 2013 04:28:08 UTC",35.1765,-117.1183,1.7,7.90,24,"Southern California"
ak,10843381,3,"Tuesday, November 12, 2013 03:36:20 UTC",51.2157,-178.9209,3.4,9.10,15,"Andreanof Islands, Aleutian Islands, Alaska"
nc,72105871,1,"Tuesday, November 12, 2013 03:34:36 UTC",38.8060,-122.8225,1.6,2.00,28,"Northern California"
ak,10843380,3,"Tuesday, November 12, 2013 03:33:20 UTC",53.4499,-165.7709,1.8,21.80,11,"Fox Islands, Aleutian Islands, Alaska"
ak,10843377,3,"Tuesday, November 12, 2013 03:30:19 UTC",62.0993,-152.5671,1.7,6.50,33,"Central Alaska"
ci,11390626,5,"Tuesday, November 12, 2013 03:11:38 UTC",33.4743,-116.9115,1.3,10.90,41,"Southern California"
ci,11390610,4,"Tuesday, November 12, 2013 02:55:17 UTC",33.7157,-116.7637,1.0,18.40,33,"Southern California"
nc,72105851,1,"Tuesday, November 12, 2013 02:41:40 UTC",38.7953,-122.8093,2.3,3.30,53,"Northern California"
nc,72105846,0,"Tuesday, November 12, 2013 02:37:14 UTC",38.7940,-122.8115,1.1,2.90,21,"Northern California"
nc,72105831,1,"Tuesday, November 12, 2013 02:36:28 UTC",38.7947,-122.8110,2.1,3.30,45,"Northern California"
ak,10843363,2,"Tuesday, November 12, 2013 02:29:28 UTC",63.5524,-150.9086,1.4,6.00,30,"Central Alaska"
ak,10845075,2,"Tuesday, November 12, 2013 02:24:48 UTC",63.1987,-150.4937,1.3,114.10,15,"Central Alaska"
ak,10845074,2,"Tuesday, November 12, 2013 02:20:35 UTC",59.9536,-153.0799,1.7,122.90,20,"Southern Alaska"
nc,72105806,1,"Tuesday, November 12, 2013 02:11:10 UTC",38.7675,-122.9160,2.0,5.70,33,"Northern California"
nc,72105796,0,"Tuesday, November 12, 2013 01:59:38 UTC",38.8438,-122.8490,1.4,0.10,18,"Northern California"
ci,11390594,2,"Tuesday, November 12, 2013 01:48:13 UTC",35.0127,-118.4552,1.4,8.50,11,"Southern California"
ak,10845072,2,"Tuesday, November 12, 2013 01:31:35 UTC",60.1045,-153.0130,1.8,114.60,17,"Southern Alaska"
ak,10843332,2,"Tuesday, November 12, 2013 01:31:10 UTC",51.8051,-176.8197,2.1,72.40,14,"Andreanof Islands, Aleutian Islands, Alaska"
hv,60590431,2,"Tuesday, November 12, 2013 01:29:03 UTC",19.4110,-155.3115,2.2,4.90,64,"Island of Hawaii, Hawaii"
pr,13316002,0,"Tuesday, November 12, 2013 01:07:49 UTC",18.3645,-64.5589,2.6,10.00, 8,"Virgin Islands region"
pr,13316001,0,"Tuesday, November 12, 2013 01:04:31 UTC",19.2108,-64.5736,2.9,38.00,10,"Virgin Islands region"
ak,10845070,2,"Tuesday, November 12, 2013 01:02:38 UTC",62.9821,-150.4103,1.3,94.30,13,"Central Alaska"
nn,00428937,1,"Tuesday, November 12, 2013 00:59:49 UTC",37.9801,-115.5971,1.4,0.00,10,"Nevada"
nn,00428936,1,"Tuesday, November 12, 2013 00:57:54 UTC",37.9542,-116.2211,1.5,2.00,17,"Nevada"
nc,72105756,0,"Tuesday, November 12, 2013 00:55:01 UTC",38.7787,-122.7293,1.5,2.10,22,"Northern California"
pr,13316000,0,"Tuesday, November 12, 2013 00:35:50 UTC",19.1327,-64.5698,3.3,49.00,13,"Virgin Islands region"
nn,00428935,1,"Tuesday, November 12, 2013 00:24:34 UTC",37.8224,-116.2023,1.6,0.00,24,"Nevada"
nn,00428933,1,"Tuesday, November 12, 2013 00:17:14 UTC",37.8607,-116.2072,1.7,7.00,10,"Nevada"
nn,00428932,1,"Tuesday, November 12, 2013 00:15:03 UTC",37.8596,-116.1791,2.4,0.00,28,"Nevada"
uu,60044322,2,"Tuesday, November 12, 2013 00:09:29 UTC",40.6267,-111.3345,1.1,9.90,20,"Utah"
ak,10845069,2,"Tuesday, November 12, 2013 00:03:26 UTC",51.5518,-176.1108,2.8,25.60,18,"Andreanof Islands, Aleutian Islands, Alaska"
ak,10843261,1,"Tuesday, November 12, 2013 00:01:28 UTC",64.9135,-147.4608,1.2,0.60, 7,"Central Alaska"
ak,10843264,2,"Tuesday, November 12, 2013 00:01:27 UTC",64.9878,-147.3734,1.4,0.00,19,"Central Alaska"
ak,10843248,1,"Monday, November 11, 2013 23:44:09 UTC",61.5397,-149.7347,1.5,34.20,10,"Southern Alaska"
nn,00428927,1,"Monday, November 11, 2013 23:36:11 UTC",37.8928,-116.2077,1.5,2.10,22,"Nevada"
hv,60590396,4,"Monday, November 11, 2013 23:33:28 UTC",19.1823,-155.6823,3.3,9.80,53,"Island of Hawaii, Hawaii"
ci,11390570,4,"Monday, November 11, 2013 23:15:58 UTC",33.0190,-116.4225,1.3,6.30,41,"Southern California"
ci,11390562,5,"Monday, November 11, 2013 23:13:59 UTC",33.0287,-116.4220,1.8,6.20,56,"Southern California"
nc,72105696,0,"Monday, November 11, 2013 23:10:37 UTC",40.1718,-121.0375,2.0,6.70,11,"Northern California"
nc,72105676,1,"Monday, November 11, 2013 22:45:22 UTC",39.3757,-122.9047,2.2,7.50,20,"Northern California"
nc,72105681,2,"Monday, November 11, 2013 22:44:00 UTC",38.8063,-122.7918,1.0,3.50,36,"Northern California"
pr,13315006,0,"Monday, November 11, 2013 22:42:58 UTC",19.0625,-64.4753,3.0,64.00, 7,"Virgin Islands region"
nc,72105661,0,"Monday, November 11, 2013 22:08:59 UTC",38.8225,-122.8290,1.0,2.60,18,"Northern California"
ak,10843195,1,"Monday, November 11, 2013 21:56:37 UTC",60.4280,-152.2187,2.0,80.10,28,"Southern Alaska"
pr,13315005,0,"Monday, November 11, 2013 21:55:27 UTC",18.9740,-64.4325,2.5,71.00, 4,"Virgin Islands region"
hv,60590366,1,"Monday, November 11, 2013 21:43:27 UTC",19.4943,-155.8690,1.9,11.20,26,"Island of Hawaii, Hawaii"
nc,72105646,0,"Monday, November 11, 2013 21:11:39 UTC",38.8185,-122.8318,1.1,1.30,19,"Northern California"
nc,72105641,1,"Monday, November 11, 2013 21:11:17 UTC",38.8192,-122.8318,2.0,0.50,31,"Northern California"
nc,72105651,0,"Monday, November 11, 2013 21:11:12 UTC",38.8322,-122.8250,1.1,0.00, 7,"Northern California"
nm,111313a,A,"Monday, November 11, 2013 20:58:50 UTC",36.8126,-89.4622,1.3,8.80, 8,"southeastern Missouri"
ak,10843012,1,"Monday, November 11, 2013 20:43:08 UTC",61.8828,-147.4619,1.6,25.00, 9,"Southern Alaska"
uw,60627701,1,"Monday, November 11, 2013 19:59:32 UTC",49.3752,-120.5735,2.2,0.00,11,"British Columbia, Canada"
pr,13315004,0,"Monday, November 11, 2013 19:56:33 UTC",18.0902,-65.0071,2.2,10.00, 4,"Virgin Islands region"
ak,10842991,1,"Monday, November 11, 2013 19:44:52 UTC",60.1562,-153.8317,2.5,100.00,25,"Southern Alaska"
hv,60590321,2,"Monday, November 11, 2013 19:38:30 UTC",19.2212,-155.3377,2.2,41.40,80,"Island of Hawaii, Hawaii"
ak,10842983,1,"Monday, November 11, 2013 19:37:53 UTC",60.9765,-150.8034,1.6,13.80,17,"Kenai Peninsula, Alaska"
ci,11390530,4,"Monday, November 11, 2013 19:27:55 UTC",33.6542,-118.4990,1.8,9.40,30,"Channel Islands region, California"
nc,72105586,1,"Monday, November 11, 2013 19:00:57 UTC",36.8397,-121.5748,2.6,5.30,62,"Central California"
ak,10842963,1,"Monday, November 11, 2013 19:00:30 UTC",62.0006,-150.4690,2.1,66.20,28,"Central Alaska"
ak,10842962,1,"Monday, November 11, 2013 18:59:49 UTC",63.4667,-147.1959,1.3,15.00, 9,"Central Alaska"
mb,13759457,2,"Monday, November 11, 2013 18:43:52 UTC",45.1921,-112.8008,1.4,15.80,10,"western Montana"
ci,11390506,2,"Monday, November 11, 2013 18:34:20 UTC",34.6213,-117.1118,1.5,0.00,14,"Southern California"
ak,10842939,2,"Monday, November 11, 2013 18:18:14 UTC",60.0130,-152.7022,4.0,90.20,72,"Southern Alaska"
hv,60590251,2,"Monday, November 11, 2013 17:31:40 UTC",19.2230,-155.3358,2.2,42.30,82,"Island of Hawaii, Hawaii"
ak,10842926,1,"Monday, November 11, 2013 17:18:41 UTC",62.9943,-149.4511,1.2,26.10, 7,"Central Alaska"
ci,11390466,4,"Monday, November 11, 2013 17:03:38 UTC",34.0500,-117.3410,1.0,0.00,22,"Greater Los Angeles area, California"
ci,11390458,4,"Monday, November 11, 2013 16:48:37 UTC",32.6013,-115.7195,1.6,9.40,18,"Baja California, Mexico"
ci,11390450,4,"Monday, November 11, 2013 16:42:53 UTC",34.0243,-116.8457,1.0,22.40,21,"Southern California"
nn,00428912,1,"Monday, November 11, 2013 16:20:26 UTC",37.6792,-117.3305,1.5,2.10,13,"Nevada"
ci,11390434,5,"Monday, November 11, 2013 16:11:34 UTC",34.0593,-116.4143,1.6,11.60,49,"Southern California"
ak,10842908,1,"Monday, November 11, 2013 16:01:17 UTC",63.4309,-148.3609,1.1,20.60, 6,"Central Alaska"
ak,10842907,1,"Monday, November 11, 2013 15:57:07 UTC",61.6092,-149.4863,1.5,33.00,10,"Southern Alaska"
ak,10842900,1,"Monday, November 11, 2013 15:45:06 UTC",63.4424,-148.2853,1.1,16.60, 5,"Central Alaska"
ak,10842897,1,"Monday, November 11, 2013 15:43:01 UTC",63.4456,-148.2372,1.3,7.10,13,"Central Alaska"
ak,10842891,1,"Monday, November 11, 2013 15:38:10 UTC",62.2584,-145.7830,2.4,0.00,30,"Central Alaska"
nc,72105526,0,"Monday, November 11, 2013 15:23:29 UTC",38.8095,-122.8182,1.1,3.30,17,"Northern California"
ak,10842886,1,"Monday, November 11, 2013 15:02:46 UTC",63.4560,-148.2261,1.3,4.30,13,"Central Alaska"
ci,11390410,6,"Monday, November 11, 2013 14:42:38 UTC",33.7172,-115.9067,1.6,6.60,45,"Southern California"
pr,13315003,0,"Monday, November 11, 2013 14:24:24 UTC",18.7779,-64.2854,3.0,42.00,17,"Virgin Islands region"
ak,10842877,1,"Monday, November 11, 2013 13:33:34 UTC",63.0248,-149.8969,1.4,20.10, 9,"Central Alaska"
ci,11390394,5,"Monday, November 11, 2013 13:11:28 UTC",34.1805,-117.3437,1.2,10.40,51,"Greater Los Angeles area, California"
ak,10842863,2,"Monday, November 11, 2013 12:48:52 UTC",61.0550,-151.1555,2.7,65.50,55,"Southern Alaska"
ci,11390386,5,"Monday, November 11, 2013 12:23:44 UTC",33.6777,-116.7703,1.1,15.80,40,"Southern California"
uw,60627416,3,"Monday, November 11, 2013 11:46:43 UTC",47.4945,-123.1628,2.8,43.00,51,"Olympic Peninsula, Washington"
ak,10842852,1,"Monday, November 11, 2013 11:42:11 UTC",61.7700,-148.0064,1.7,32.30,20,"Southern Alaska"
mb,13496382,2,"Monday, November 11, 2013 11:39:46 UTC",46.8343,-112.8451,2.1,16.80,33,"western Montana"
ci,11390362,4,"Monday, November 11, 2013 11:09:20 UTC",34.0672,-117.2720,1.0,17.50,37,"Greater Los Angeles area, California"
ak,10842847,1,"Monday, November 11, 2013 11:07:13 UTC",59.9408,-152.8282,2.3,97.30, 9,"Southern Alaska"
ci,11390354,5,"Monday, November 11, 2013 11:06:12 UTC",33.6768,-116.7723,1.3,16.00,51,"Southern California"
se,111113a,A,"Monday, November 11, 2013 10:55:52 UTC",35.4824,-84.2420,1.9,8.50, 9,"eastern Tennessee"
mb,13101769,2,"Monday, November 11, 2013 10:45:24 UTC",45.2003,-112.8041,1.1,11.40, 9,"western Montana"
ak,10842845,1,"Monday, November 11, 2013 10:32:25 UTC",64.4040,-149.6089,1.2,7.10, 6,"Central Alaska"
ci,11390330,7,"Monday, November 11, 2013 09:51:46 UTC",33.8582,-118.2815,1.6,12.80,44,"Greater Los Angeles area, California"
nn,00428903,1,"Monday, November 11, 2013 09:38:18 UTC",38.3243,-118.8280,1.6,0.00,17,"Nevada"
nc,72105386,0,"Monday, November 11, 2013 09:34:45 UTC",38.8420,-122.8285,1.0,2.40,14,"Northern California"
ci,11390322,6,"Monday, November 11, 2013 09:29:20 UTC",34.0180,-117.2337,3.1,17.00,103,"Greater Los Angeles area, California"
ak,10842831,1,"Monday, November 11, 2013 08:55:06 UTC",61.9698,-150.6517,1.7,85.70,13,"Southern Alaska"
ak,10842827,1,"Monday, November 11, 2013 08:31:14 UTC",64.1435,-148.4697,1.7,38.50, 4,"Central Alaska"
ci,11390306,4,"Monday, November 11, 2013 08:10:51 UTC",33.1765,-115.6060,1.1,2.60,14,"Southern California"
ci,11390290,5,"Monday, November 11, 2013 07:52:33 UTC",32.9002,-116.2718,1.3,7.90,39,"Southern California"
uu,60044262,4,"Monday, November 11, 2013 07:49:47 UTC",44.7947,-111.1122,1.1,5.90,13,"western Montana"
ak,10842821,1,"Monday, November 11, 2013 07:37:17 UTC",62.9655,-150.6365,1.5,99.90, 8,"Central Alaska"
pr,13315002,0,"Monday, November 11, 2013 07:09:02 UTC",18.9167,-64.6416,2.4,14.00, 5,"Virgin Islands region"
nc,72105291,2,"Monday, November 11, 2013 06:56:59 UTC",37.3253,-118.7937,1.0,12.70,13,"Central California"
ak,10842815,1,"Monday, November 11, 2013 06:47:55 UTC",63.5460,-147.3600,1.5,11.10,14,"Central Alaska"
nc,72105251,0,"Monday, November 11, 2013 05:55:10 UTC",37.4212,-120.4608,1.9,2.60, 6,"Central California"
pr,13315001,0,"Monday, November 11, 2013 05:30:27 UTC",18.7779,-67.2388,2.7,7.00,10,"Puerto Rico region"
ci,11390274,5,"Monday, November 11, 2013 05:21:17 UTC",34.5438,-116.2493,1.5,3.60,19,"Southern California"
nc,72105241,2,"Monday, November 11, 2013 05:18:11 UTC",35.2825,-120.6013,1.1,8.80,28,"Central California"
nc,72105231,1,"Monday, November 11, 2013 05:13:53 UTC",38.8080,-122.8227,2.8,2.10,56,"Northern California"
ci,11390258,5,"Monday, November 11, 2013 05:00:02 UTC",34.1223,-117.7692,1.6,14.10,46,"Greater Los Angeles area, California"
ak,10842797,1,"Monday, November 11, 2013 04:52:26 UTC",61.6821,-148.0963,1.5,34.60,10,"Southern Alaska"
ci,11390250,4,"Monday, November 11, 2013 04:51:23 UTC",34.1328,-116.4078,1.0,9.20,28,"Southern California"
ci,11390242,5,"Monday, November 11, 2013 04:45:14 UTC",36.0557,-117.7090,1.8,1.10,26,"Central California"
ak,10842791,1,"Monday, November 11, 2013 04:40:23 UTC",63.0188,-150.4106,1.5,87.90,10,"Central Alaska"
hv,60590056,1,"Monday, November 11, 2013 04:33:15 UTC",19.1787,-155.6865,1.8,0.00,38,"Island of Hawaii, Hawaii"
nc,72105211,0,"Monday, November 11, 2013 04:24:13 UTC",35.7313,-121.1920,1.4,5.10,10,"Central California"
ak,10842783,1,"Monday, November 11, 2013 04:11:54 UTC",62.5961,-151.3069,1.5,88.10, 9,"Central Alaska"
hv,60590046,1,"Monday, November 11, 2013 03:56:12 UTC",19.4218,-155.2523,1.8,3.60,24,"Island of Hawaii, Hawaii"
nc,72105201,0,"Monday, November 11, 2013 03:39:03 UTC",35.6735,-121.1080,1.3,6.60, 9,"Central California"
ci,11390234,5,"Monday, November 11, 2013 03:13:36 UTC",33.0270,-116.4185,1.5,10.00,43,"Southern California"
ak,10842769,1,"Monday, November 11, 2013 02:53:52 UTC",61.6249,-150.2377,1.9,43.10,20,"Southern Alaska"
ci,11390226,4,"Monday, November 11, 2013 02:29:31 UTC",32.8788,-116.2488,1.0,4.80,21,"Southern California"
mb,13575617,2,"Monday, November 11, 2013 02:27:42 UTC",45.8898,-111.2760,1.1,4.40,14,"western Montana"
pr,13315000,0,"Monday, November 11, 2013 01:58:02 UTC",19.0424,-66.3377,2.9,11.00,12,"Puerto Rico region"
nc,72105161,4,"Monday, November 11, 2013 01:54:44 UTC",37.3413,-118.7405,1.1,16.20,16,"Central California"
ak,10842760,1,"Monday, November 11, 2013 01:37:32 UTC",62.3627,-151.2072,1.7,32.00, 8,"Central Alaska"
nc,72105151,1,"Monday, November 11, 2013 01:27:23 UTC",38.7970,-122.7995,1.2,1.60,23,"Northern California"
ak,10842750,1,"Monday, November 11, 2013 01:11:07 UTC",61.6263,-150.2130,1.7,41.60,19,"Southern Alaska"
ak,10842737,1,"Monday, November 11, 2013 00:49:27 UTC",63.6236,-150.7194,1.9,9.40,22,"Central Alaska"
ci,11390202,4,"Monday, November 11, 2013 00:48:07 UTC",35.0295,-117.6747,1.7,0.00,28,"Southern California"
nc,72105131,2,"Monday, November 11, 2013 00:23:54 UTC",39.4667,-120.2925,1.0,8.30,16,"Northern California"
ak,10842728,1,"Monday, November 11, 2013 00:20:16 UTC",60.2520,-142.9197,2.1,0.10,18,"Southern Alaska"
